% Model:              NS-xy.mph
% Version:            COMSOL 6.2.0.658
% Date:               Jun 29 2026, 12:19
% Dimension:          2
% Nodes:              3393
% Expressions:        3
% Description:        Velocity field, y-component, Velocity field, x-component, Pressure
% Length unit:        m
% x                       y                        v (m/s)                  u (m/s)                  p (Pa)
0                         0                        0                        0                        10.000000000000002
0                         0.021665853331714034     -7.738122933770837E-19   0.03591416838594365      10
0                         0.04766487732977087      1.6799767964339735E-18   0.07849482032842557      10.000000000000007
0                         0.10227766575521335      1.4095630539129171E-19   0.1661041425452161       10.000000000000007
0                         0.1839618350653616       -2.4490058532771176E-19  0.2925022431253466       10.00000000000001
0                         0.26564600437550984      2.0904770176051065E-19   0.4133400907755697       10.000000000000007
0                         0.4367522339964657       -7.949970283064026E-19   0.6484401758687339       10.00000000000002
0                         0.6552038674847727       -3.627561059376679E-19   0.9131347341550372       10.000000000000018
0                         0.8878820760666779       -9.552117442358251E-19   1.1513307180276          10.00000000000001
0                         1.0928690891276456       5.58545943223873E-19     1.3237972960582896       10.000000000000012
0                         1.2742952713021163       -1.478133923910018E-18   1.4472302694773054       10.000000000000007
0                         1.455721453476587        1.0612015978215476E-18   1.5432336932476511       10.00000000000001
0                         1.6371476356510577       7.552939550368381E-19    1.611807567369327        10.000000000000009
0                         1.8185738178255282       5.045673491291611E-19    1.6529518918423325       10.000000000000012
0                         1.9999999999999987       -1.4232544504684975E-18  1.6666666666666676       10.000000000000014
0                         2.1814261821744694       -3.3405156848376623E-19  1.652951891842333        10.000000000000005
0                         2.36285236434894         -9.747879379892317E-19   1.611807567369328        10.00000000000002
0                         2.5442785465234112       3.2776877336130923E-18   1.5432336932476527       10.000000000000021
0                         2.7257047286978815       9.620719683036848E-19    1.4472302694773076       10.000000000000009
0                         2.907130910872353        1.142908937783779E-18    1.3237972960582907       10.000000000000007
0                         3.1124990078426396       2.8278931759652194E-19   1.1509774823121437       10.00000000000001
0                         3.3460681701405393       1.0817845403755566E-18   0.9117085338893758       10.000000000000009
0                         3.565046358511373        -5.638343346882187E-19   0.6460957898792881       10.00000000000001
0                         3.7242624989150466       -2.527504206716583E-19   0.4278828478480166       10.000000000000009
0                         3.831559726519611        7.42534242998264E-19     0.2689120700797532       10.00000000000001
0                         3.9032599234911767       -1.164488171070312E-18   0.15733402651348335      10.000000000000012
0                         3.951068363653605        -4.398971124683254E-18   0.08055510014585185      10.000000000000005
0                         3.977758347115275        -6.273793185873438E-18   0.0368633001732732       10.000000000000005
0                         4                        0                        0                        9.999999999999996
0.07235808026391301       0.08215741133672613      -1.6936915427177768E-17  0.1341165854622303       9.939701599780086
0.09306198775100573       3.9224839374547598       -1.1140859435113087E-16  0.1266897959285179       9.922448343540841
0.10991635718174234       0.13312481962868652      3.756322055502462E-17    0.21449044204732348      9.908403035681895
0.1120720584863467        0.04766487732977087      5.0151376272769845E-17   0.07849482032842559      9.906606617928052
0.11210197105371195       3.951068363653605        -1.6079880875906807E-16  0.08055510014585178      9.906581690788583
0.11214953271028039       0                        0                        0                        9.906542056074766
0.11214953271028039       0.021665853331714034     5.407205878403902E-18    0.03591416838594366      9.906542056074766
0.11214953271028039       3.977758347115275        -6.185939100929529E-17   0.03686330017327328      9.906542056074768
0.11214953271028039       4                        0                        0                        9.90654205607477
0.11876910892606343       0.22589916232133894      1.3624839650377299E-17   0.35523592406161425      9.901025742561627
0.12371581300606256       3.773167013032793        -6.395906106236734E-17   0.35661614328848484      9.896903489161623
0.12654830942710965       3.8621653367578976       -9.59861945652009E-17    0.22180844107389405      9.894543075477417
0.12818892868641438       0.37321997955738734      3.3686735785472835E-18   0.5639944854536395       9.893175892761333
0.13252530127711218       3.632606901626304        4.092840391991152E-17    0.5560811269842337       9.889562248935748
0.1368498528594913        3.442578434724468        1.0276651459219684E-16   0.7995697748616272       9.885958455950432
0.13711446612961042       0.5558900432678358       1.1557259005686925E-16   0.7977276803612624       9.885737944891998
0.13962133707002203       0.08040581053715216      -1.7479691598230912E-17  0.1313158949085302       9.883648885774996
0.14305248585347896       0.7945515102602796       2.1235276357792366E-16   1.061205807743429        9.880789595122112
0.1436630096802641        1.000308112736512        6.581482915201314E-17    1.2502567210581537       9.880280825266455
0.14374691037166032       1.1817994228273996       2.478724847097077E-16    1.387728256464344        9.880210908023626
0.1439826398792352        3.2043561457700034       5.759086578826172E-17    1.0623026142275103       9.880014466767316
0.14448217663155502       2.998634163964477        -7.478991700270502E-17   1.2511374194012383       9.87959818614038
0.145155160293108         2.8172186263162495       -4.836627754350572E-18   1.3883973820007436       9.879037366422422
0.1454818568418829        2.635899569904474        -1.1260917134912584E-16  1.4981798904147121       9.878765119298437
0.14559808231231003       2.454501997856251        -1.6282876877849481E-16  1.58059497247695         9.878668264739744
0.14606099223008995       1.5457404360450566       5.896022850506131E-18    1.5806867702314447       9.878282506474934
0.14606727573067185       2.2727092488806897       -5.06272996370614E-17    1.6356790273228887       9.878277270224446
0.14609854179254447       2.0909647544076497       3.3531165464084565E-17   1.6632189222731493       9.878251215172888
0.1461212536508155        1.727601634832875        -8.390700219478457E-17   1.6357496377726168       9.87823228862433
0.14612278919118338       1.3638178364036648       1.2426394829137054E-16   1.4980301061341201       9.878231009007358
0.14612370224726057       1.9092814287664854       -7.514366111088535E-18   1.6632375586805634       9.878230248127293
0.20622374795586723       3.914832395827769        -7.125891826887284E-17   0.13892370662020267      9.828146876703455
0.21611790440445566       0.11920536564743835      -4.142805172815671E-17   0.19275480974608933      9.819901746329633
0.22200550022083354       0.1756390071726495       -1.58415137138937E-17    0.2798779032708352       9.81499541648265
0.22416403792897976       0.04937246334421909      4.218697341545005E-17    0.08127175551675006      9.813196635059192
0.22420821493500695       3.950119162858855        -1.4199962322640495E-16  0.08209802110444965      9.813159820887508
0.22429906542055944       0                        0                        0                        9.813084112149538
0.22429906542055944       0.02244202879282686      -6.705103790706353E-19   0.03719352938123724      9.813084112149534
0.22429906542056077       3.9773268922085703       -4.680158411691078E-17   0.03757431722866621      9.813084112149541
0.22429906542056077       4                        0                        0                        9.81308411214954
0.2278840974897586        3.8755104135669685       -4.79150309531192E-18    0.2010252869174413       9.810096585425208
0.23321788113412806       0.07658833993860795      -1.201732100093808E-17   0.12520316080828345      9.805651765721572
0.23495251978707357       3.814343947412206        5.923167093784695E-18    0.29506501687028935      9.804206233510781
0.2464891429426802        0.29119475738923795      5.667278415280615E-17    0.44999360117749004      9.794592380881108
0.25575566014625545       3.699481094257934        7.823507148705662E-17    0.4632350042749401       9.786870283211462
0.26676085412013223       0.4639376759939359       2.084252824071402E-16    0.6835468903204549       9.777699288233235
0.2841932466493826        0.6986916604132769       2.1389015208132332E-16   0.9610819188841867       9.763172294458856
0.28566089730551114       3.3015600802199736       9.960053527996459E-17    0.9608088989907405       9.761949252245413
0.28681670308944346       3.548734923890205        1.3985671362095827E-16   0.6672583898011678       9.760986080758807
0.2872097687956235        0.9073745627025902       2.842994772783295E-16    1.169237355737769        9.760658526003654
0.2877081600976149        1.0880068952262025       2.5091963702273556E-16   1.3201119070187712       9.760243199918664
0.2887098978106283        3.091219833782728        1.0578377434516876E-16   1.1705163643163325       9.759408418491155
0.2901475023991678        2.909000890888675        -1.984518921423198E-17   1.3223822418181659       9.758210414667369
0.2904408700888079        1.2716570197600805       2.8132077456768856E-16   1.4456318763063478       9.757965941592667
0.29075544492507394       2.7270887627601947       -1.2038920004514246E-16  1.4463924712782719       9.75770379589578
0.2911780186361869        2.5454570387758175       -3.321447768438665E-16   1.5426985911874664       9.757351651136519
0.2916099309562841        2.3637830739276455       -1.8176580952127481E-16  1.6115257813015653       9.756991724203106
0.29190768262626554       1.4540910136787177       1.2057663892458997E-16   1.5424930744390302       9.756743597811452
0.2920288560495312        2.181990391034444        -4.223812268842038E-17   1.6528664573213054       9.756642619958733
0.2921447790402703        2.0002233765954283       -4.437380838064482E-17   1.666666645876208        9.75654601746645
0.29215778618858623       1.6363923276472734       3.2300610424506105E-17   1.6115789419192643       9.756535178176186
0.29221247508560444       1.8184027778922864       -8.456687567702124E-18   1.6529260203844853       9.756489604095337
0.3102914458250723        0.136002471885243        3.189374880273848E-17    0.21896383965919838      9.741423795145783
0.3186796082376882        3.9108089675047513       2.980876298624105E-16    0.14533712070976101      9.734433659801928
0.33632331462609216       0.050771049226164995     2.357791728706951E-17    0.083544373943806        9.71973057114493
0.33634420857492325       3.949118712183471        2.4521076301852217E-16   0.08372343575676938      9.719713159520875
0.33644859813084116       0                        0                        0                        9.719626168224298
0.33644859813084116       0.023077749648256818     -2.0475220619098346E-17  0.03824100669341656      9.7196261682243
0.33644859813084116       3.976872141901578        5.941543110783816E-17    0.038323556072277803     9.719626168224273
0.33644859813084116       4                        0                        0                        9.71962616822429
0.3456300970464985        0.22433826917021443      6.263062258191022E-17    0.3529272573610713       9.711974919127927
0.34620171447586817       3.771523474712407        1.7401880024936116E-16   0.359043574392867        9.711498571270118
0.34743498484487717       0.08926343158029851      1.2146527225517422E-17   0.14545240254320987      9.710470845962611
0.3481383300856419        3.8534624743037753       2.7250679581418447E-16   0.23528202347821964      9.709884724928633
0.39774353800892037       0.35364291923308555      5.628286759558078E-17    0.5372951510869354       9.668547051659244
0.410321909241973         3.6565103048736907       1.1757539269014634E-16   0.5233223374363637       9.658065075631697
0.4201746549074642        3.8095497900508954       1.889000226056499E-16    0.3023039822194835       9.64985445424379
0.4209462550639498        0.5682851766193042       1.5616102584128268E-16   0.8125802768799938       9.649211454113386
0.4310314502787444        3.473358187414916        8.950535848594398E-17    0.7621731881572642       9.640807124767719
0.43207910501863206       0.796775521702615        2.8812974812072724E-16   1.0634378561774949       9.639934079151148
0.4328149135645545        0.9949465243344631       2.429249553116544E-16    1.245778129605261        9.639320905362881
0.43344099952822074       3.204089337195284        -6.666986999121117E-17   1.062570361688593        9.638799167059828
0.4346686006743705        1.1797326128999983       2.7108478516379083E-16   1.386317255691724        9.637776166104702
0.43567830170014066       3.0016138972575654       -1.595895368142741E-17   1.2486540003418805       9.636934748583228
0.4359529044559937        2.818640293643029        -2.5771249883828793E-16  1.3874283623433576       9.636705912953346
0.436300020359786         2.6368220725712224       -3.1868766581918717E-16  1.4976906866192066       9.636416649700193
0.43668556503928246       1.362407648865412        5.867435571782253E-17    1.4972816640727797       9.636095362467275
0.4368890478125944        3.9125194043169222       -9.726661544484226E-19   0.14261230337968553      9.63592579348952
0.43688925122213784       2.455100709401641        -2.8522769041294795E-16  1.5803680601258863       9.635925623981558
0.43749826853579604       2.273261630412858        -2.6196463168864076E-16  1.6355533672267122       9.63541810955351
0.43792921923775996       2.091344513519601        -1.0365828904190823E-16  1.663190074937446        9.635058983968543
0.4380016193957273        1.5451823843661752       7.300203505843136E-17    1.5804753902121522       9.634998650503569
0.4381111504516175        1.7273470302789065       1.0054459886948138E-16   1.6356918158759461       9.634907374623664
0.43814157006001037       1.9094036296084642       -1.2195428119812252E-16  1.6632467906966177       9.63488202495
0.43837002419003845       0.16392983929190766      4.180684870539122E-17    0.2620193187322335       9.634691646508314
0.44330834159951066       3.751474312842113        1.1044154600520081E-16   0.38847405477260344      9.630576382000418
0.44849309694219797       3.9481044778721595       -9.589783829002234E-18   0.08537039303935055      9.62625575254819
0.44849341317037333       0.05173314626285004      6.926763752302428E-18    0.08510677776214447      9.626255489024695
0.44859813084112143       3.976411126305527        3.1615921967223526E-17   0.03908294158988251      9.626168224299075
0.44859813084112143       4                        0                        0                        9.626168224299075
0.44859813084112155       0                        0                        0                        9.626168224299064
0.44859813084112155       0.023515066483113658     -2.383627023472239E-17   0.03896137815864559      9.62616822429906
0.45000994090027163       0.25301048005670684      9.840374337865708E-17    0.39501150717012623      9.624991715916451
0.4564181186946358        3.8700328353101447       5.399816484626286E-17    0.2095738311924589       9.619651567754481
0.468104722048573         0.09410079174349502      2.874193069147779E-17    0.1531450866530115       9.609912731626197
0.5049387162386604        3.801469767804587        6.32224621892467E-17     0.3144611148692032       9.579217736467792
0.5301508499052343        0.31616534033803584      -1.1135420898301295E-18  0.4852920162171161       9.55820762507898
0.5322387731532502        3.7062222270255027       2.362205463394448E-17    0.4536690466683893       9.556467689038968
0.5395965058393362        0.21767494145393362      4.603970972113941E-17    0.34304891069948407      9.550336245133897
0.545894202876229         0.4807430509228059       2.9639415808191923E-17   0.7049409677836075       9.545088164269819
0.5497840045448849        3.9071210274788664       2.1470626174591973E-16   0.15120391106164724      9.54184666287926
0.5606521941788881        3.947153771158118        7.944971888541519E-17    0.08691341311030022      9.532789838184241
0.5606694320200785        0.052695243299535094     3.59352969054102E-17     0.08666841022155962      9.532775473316606
0.5607476635514019        0                        0                        0                        9.53271028037383
0.5607476635514019        0.0239523833179705       1.2625787474194758E-17   0.03968159025219623      9.532710280373827
0.560747663551402         3.9759789868900537       -8.878150383617688E-17   0.03979460140373211      9.53271028037381
0.560747663551402         4                        0                        0                        9.532710280373813
0.5654874223584094        3.861262058970458        1.1820611123306583E-16   0.2232098115987717       9.528760481367998
0.5676375704199701        0.13709446096312047      1.432911268879654E-17    0.22065956359404734      9.526968691316698
0.5742602536077179        3.558898783741408        2.3206878872900252E-17   0.6540977425206501       9.521449788660247
0.5753816872072501        0.8984894914710768       2.2012635484059126E-16   1.161114416500148        9.520515260660632
0.5797590704374895        1.0843795958906957       2.2396592257743425E-16   1.3173496981577986       9.516867441302102
0.5809882201708358        0.09082019229255929      -3.80323804218228E-19    0.14793019243424158      9.515843149857647
0.5810099798090793        2.728266910930703        -1.76976230841787E-16    1.4456780443514392       9.515825016825778
0.5816225664295842        2.909373816326449        -1.3754178130173464E-16  1.3220996925749464       9.515314527975356
0.5816696896479334        2.5467808276208714       -3.714932314962726E-16   1.5420961360609324       9.51527525862673
0.5818313620303981        1.2701761707229497       1.5637337833716214E-16   1.4447321575914105       9.515140531641343
0.5826173818289363        2.364857582151569        -3.2921971251628826E-16  1.6111995603110476       9.51448551514256
0.5828045737249203        3.0943097668041775       -6.472318208797206E-17   1.1677025559487453       9.51432952189591
0.5830850756876083        1.4533874178601487       1.1627591466097698E-16   1.542172785436003        9.514095770260335
0.5834000538806846        2.1827300764828483       -3.0445473623470303E-16  1.6527540496452395       9.513833288432773
0.5837399015159445        1.6360356941014835       -1.1936581817035119E-17  1.6114708266799227       9.513550082070052
0.5838474719265793        2.0005667537820426       -2.1688275334555576E-16  1.6666665328292307       9.513460440061193
0.5839487213455095        1.8183852854181612       -6.831080168806786E-17   1.6529233731030668       9.513376065545417
0.596920814832598         0.688967140026236        2.6844441532946433E-16   0.9504970166954231       9.502565987639512
0.6028587644970923        3.328062947299041        3.9369665360420734E-21   0.9317703366714107       9.497617696252432
0.6076668138679745        3.784589167937788        1.1140198742585577E-17   0.33968395903296394      9.493610988443365
0.6077706828332106        0.28135143158104825      -1.2372324985165636E-17  0.43593629094645364      9.493524430972336
0.6334561997219443        3.9067899944181432       -2.3433139316130027E-16  0.15172996549452392      9.472119833565072
0.6372914314359904        0.20730149999986805      6.330485742639124E-18    0.32759670337386565      9.468923807136685
0.639259178828865         0.3843331605047219       5.858103163559937E-17    0.5790086098980586       9.467284017642617
0.6529366043636645        3.6843910249534297       3.305851660589872E-17    0.4845111979401397       9.455886163030288
0.6728179093354967        3.9463687631697195       -3.2043300271220656E-16  0.08818693239882291      9.439318408887122
0.672840103008897         0.05306621489024879      -4.899568737415076E-18   0.0872703484992571       9.43929991415926
0.672897196261681         0                        0                        0                        9.4392523364486
0.672897196261681         0.024121006768294907     -3.787908586068425E-17   0.03995925171069312      9.4392523364486
0.6728971962616823        3.9756221650771453       -9.499095017967083E-17   0.04038210868995549      9.439252336448634
0.6728971962616823        4                        0                        0                        9.439252336448634
0.6747206710453607        0.1399640012820555       -2.6640160840244425E-17  0.22511086811389128      9.437732774128877
0.6752912284858376        3.848842792704657        -1.855597801836671E-16   0.24240846994335233      9.437257309595152
0.6925340115499707        3.470495437307787        7.859723926605896E-18    0.7656846536904088       9.422888323708367
0.6925554481566273        0.28128221560868194      5.692200765237423E-17    0.43583715734041656      9.422870459869486
0.692588185149865         0.0911191875770385       -3.396929497216801E-17   0.14840585165143935      9.422843179041793
0.7030437532768611        3.592443811694659        -1.267482471754543E-18   0.6100511277480778       9.414130205602623
0.7200299899249568        0.5435928491390074       1.3093106502764772E-16   0.7828659212170699       9.399975008395879
0.7222934675490572        3.7692451224369816       2.1275062620280666E-18   0.3624048736387295       9.39808877704246
0.7238825117845478        0.8324800920078095       2.1144467980393657E-16   1.0987071935174624       9.396764573512884
0.7246653196755353        2.8192518332107017       -1.8640686131379982E-16  1.3870110140753777       9.396112233603732
0.7252387782273887        0.9991573171533825       1.5962617305909185E-16   1.2492974684134948       9.395634351477185
0.7254247870730425        2.638717258930441        -4.1561465706715534E-16  1.4966834429768279       9.395479344105807
0.7270884332618966        2.4568734948314805       -3.6288411238286036E-16  1.5796944207168633       9.394092972281763
0.7279767509707401        1.1791965934259834       2.2248820422579743E-16   1.3859507365652048       9.393352707524388
0.7284689359719904        2.274450922245551        -3.597284310318197E-16   1.6352819546994042       9.392942553356681
0.7288131093728981        1.3619531553954598       3.3605685909370976E-17   1.4970400933709136       9.39265574218926
0.7290240878082507        2.9967499710746104       -9.022163313859247E-17   1.2527039563178188       9.392479926826466
0.7292769712751276        1.544315479893063        -4.784883597957029E-18   1.5801465075562138       9.39226919060407
0.7292859693195713        2.0919419944047597       -3.0928671408577814E-16  1.6631444456936995       9.392261692233701
0.7295593429191206        1.7269818365895582       -1.7920873416852425E-16  1.6356087843533302       9.392033880900739
0.729590357336444         1.9094978804863156       -2.8410102232236014E-16  1.6632539026514725       9.392008035552971
0.7363941752955122        3.8996108581670126       2.2727490025540254E-17   0.16311607813916104      9.38633818725374
0.738328718215435         3.1688552464356867       -2.3155253619977028E-17  1.0974072553665712       9.384726068153812
0.7411286329533884        0.20445646827328895      -2.2907390882075647E-17  0.32334309403098743      9.382392805872184
0.7416268939809842        0.3878699909195725       1.0960418638410387E-16   0.5837653474259759       9.381977588349189
0.7602319519526206        0.7024037983210343       2.3697988419601247E-16   0.9651017072451346       9.366473373372823
0.7706399725389872        3.6673816714433656       -1.8759827094561227E-17  0.5082659840561371       9.357800022884186
0.7717832268967842        3.35718750412353         -2.9939052155493125E-17  0.8991841994378934       9.356847310919356
0.7849835434191798        3.945777353088083        9.611949732647991E-17    0.0891460384206396       9.345847047150661
0.7849888249816276        0.05351992060290511      3.6354672204638957E-17   0.08800637521261634      9.345842645848649
0.7850467289719627        0                        0                        0                        9.345794392523366
0.7850467289719627        0.024327236637684144     -1.5311150291130108E-17  0.04029880504512944      9.345794392523361
0.7850467289719629        3.975353342312765        -6.32677326258659E-17    0.04082465542241167      9.345794392523317
0.7850467289719629        4                        0                        0                        9.345794392523329
0.789763336582643         3.8421747772235513       9.689124444885098E-17    0.25266337090056656      9.341863886181137
0.7903183711102401        0.1393643831656977       1.387847396860389E-18    0.2241812922365148       9.341401357408143
0.7936430015520735        0.294097077360989        4.10106590863841E-17     0.45412300772153386      9.338630832039948
0.8047975718668239        0.09222290953946678      -2.1623011331194665E-17  0.15016107213080943      9.329335356777657
0.8115818020673347        3.5323728761809576       -9.476049301898482E-18   0.6882639034770418       9.323681831610562
0.8394295621506664        3.7642606211753322       -4.060906533129311E-17   0.36974352523751314      9.300475364874451
0.8441878193813082        0.2107197777311986       7.464282224434118E-17    0.3326984525823788       9.296510150515589
0.8519313020602455        0.4306571676941173       7.435925804611789E-17    0.6404846144542297       9.290057248283135
0.8529220123435902        0.6145106421544235       1.8364879222385336E-16   0.866841349706939        9.28923165638035
0.8537085116211944        0.7641980595144692       2.9887171647737885E-16   1.0303306516217494       9.28857624031568
0.8628692094576647        2.910631897754418        -1.8172600919643384E-16  1.3211456444967453       9.280942325451951
0.864408856681621         3.9016863089462053       6.460874011724881E-17    0.15982882598606585      9.279659286098662
0.8671420328288196        2.7313843767623          -3.08063463577991E-16    1.443782038928344        9.277381639309327
0.8705732068101982        2.549650660358197        -3.4008262854404135E-16  1.5407850631532503       9.274522327658175
0.8709713563947784        0.9120867470017288       2.5303144835546983E-16   1.1735186474794672       9.274190536337697
0.8730075945432832        2.3666290630902114       -3.6669900017073845E-16  1.6106596375406654       9.272493671213939
0.8746759440955609        2.1835853216267074       -2.3261057899243485E-16  1.6526235123680093       9.271103379920374
0.8750478589533868        1.2691777356253522       1.3453642472106536E-16   1.4441245074559648       9.270793450872183
0.8751149075341785        2.00071871522574         -2.927876353589593E-16   1.6666664514368448       9.270737577054858
0.8751506643030856        1.4521275734082302       5.1963948192607495E-17   1.5415982517418538       9.270707779747438
0.8752031602862439        1.6351382556498744       -6.600169874803753E-17   1.6111982947957444       9.270664033094803
0.8752089772298088        1.8179701366657548       -2.280889614173567E-16   1.6528604703560497       9.270659185641835
0.8760964901577406        1.0867131396983072       2.1092500601734943E-16   1.3191279628334496       9.269919591535226
0.8830097540829795        3.081433240184515        -1.222771660094724E-16   1.1793758945933426       9.264158538264196
0.8859568135178094        0.30114777245872343      8.151112018779199E-17    0.4641254620741847       9.261702655401836
0.8900214651543311        3.402796641873889        -8.723328106822177E-17   0.8467339923113919       9.258315445704731
0.8945546458263396        3.6615765722188356       -2.1224552472563935E-17  0.5163180394389606       9.254537795144726
0.8953745998965419        3.24054187564382         -1.3188765852633739E-16  1.0254399394892142       9.253854500086222
0.8971352449355672        0.05406574598020901      9.055341418003162E-17    0.08889161626351647      9.252387295887033
0.8971451323258997        3.945313015341896        -1.1099463474532557E-16  0.0898988634755921       9.252379056395089
0.8971962616822431        0                        0                        0                        9.25233644859813
0.8971962616822431        0.024575339081913186     5.735781922668308E-17    0.04070725376527571      9.252336448598133
0.8971962616822431        3.9751422797008615       -1.0397420089346137E-16  0.04117207289086847      9.252336448598138
0.8971962616822431        4                        0                        0                        9.252336448598134
0.899654852020459         0.14140118980764677      3.36764874013893E-17     0.22733769281315377      9.250287623316291
0.907472176147397         3.842077888058997        -1.985989827691322E-17   0.252812105968377        9.243773186543846
0.9169119668669443        0.093478041423497        5.985562188272986E-17    0.1521558422773396       9.235906694277558
0.9448132282938058        0.6653280421241992       2.348941601806014E-16    0.9244378186916575       9.212655643088503
0.9501170260699111        3.771993629471622        -3.082213684565177E-17   0.358349407129995        9.208235811608416
0.9518763358555271        0.22094891073261752      1.1292193406517477E-17   0.34790717574022517      9.206769720120404
0.9552628568635269        3.5270776658551553       -6.82232567640578E-17    0.695014084352655        9.2039476192804
0.9637116877716702        0.5086775088741772       1.3186173863033103E-16   0.7399821781092797       9.196906926856949
0.9881456087398928        0.3493159287746947       4.995082868575837E-17    0.5313508737512719       9.176545326050094
0.9940338507544046        3.904781194320193        -1.0701711394168545E-16  0.15492025073505789      9.171638457704672
1.0009182688786549        2.997946043638386        -8.19472197223494E-17    1.2517098724943727       9.16590144260113
1.0052060512451177        2.82370516745525         -1.1091024487005647E-16  1.3839624154614667       9.162328290629075
1.0068499849543262        0.8037388969257935       2.6865232034473474E-16   1.0703997388632018       9.160958345871402
1.00727551722423          0.14583527362064908      -3.647429380118429E-17   0.23419715310441128      9.160603735646488
1.0087570685186011        3.6603204775459965       -4.184744977987411E-17   0.5180566299339312       9.159369109567841
1.0092870293132061        0.05462513949028325      1.7761400152788967E-17   0.08979860504033335      9.158927475572334
1.0093041665536089        3.9449217679803046       -1.635594396282009E-16   0.09053304851515266      9.158913194538675
1.0093457943925235        0                        0                        0                        9.158878504672899
1.0093457943925235        0.024829608859219657     -6.6476876311314404E-18  0.041125802483657006     9.158878504672893
1.0093457943925235        3.9749644399910475       -2.9163634622290084E-17  0.04146477532118696      9.15887850467289
1.0093457943925235        4                        0                        0                        9.158878504672892
1.0107483144470109        3.852805015601205        -1.26064345750401E-16    0.2362973225679248       9.15770973796083
1.011456745183791         3.350110626608594        -6.5451381943741E-17     0.9071672066327295       9.157119379013515
1.013488502662173         2.644573768607654        -1.404650609068598E-16   1.493551940342887        9.155426247781532
1.0168201030179325        2.459587000241443        -2.6306720331432357E-16  1.5786582455037814       9.152649914151736
1.0197428848601096        2.2753843214610083       -2.349110164000636E-16   1.635068114788943        9.150214262616581
1.0204075716035288        2.091762824027428        -2.327132909866331E-16   1.6631581600527146       9.14966035699707
1.0207075568824027        1.9085341835145504       -1.4572357725326093E-16  1.6631808351727722       9.149410369264674
1.0209271041138028        1.7253903503137664       -6.631205036111721E-17   1.6352456417913361       9.149227413238505
1.0210898944744058        1.5426558955322198       4.111608567016828E-17    1.5795151542119032       9.149091754604669
1.021421530946601         1.3590212093554022       1.3286754614695186E-16   1.4954775791432466       9.148815390877843
1.022270418078235         1.1759438774456417       1.5863164831720613E-16   1.383721461200283        9.148107984934812
1.0244221133265348        0.09562394840701567      -1.2670140175356256E-17  0.15556327254963134      9.146314905561228
1.040051861623473         0.9862329767106092       2.5806530240227254E-16   1.2384485093712374       9.133290115313779
1.0414922917821785        3.1640760397226666       -4.136790532159459E-17   1.1020529057264976       9.13208975684819
1.0575331999067061        0.22772854881807578      -1.9408836603386775E-17  0.35793912638563197      9.118722333411087
1.058880834500548         0.6296090866524965       1.2703116628054825E-16   0.8841786435894151       9.117599304582884
1.060651500794437         3.779040266918293        -9.230744896290613E-17   0.34792322028470396      9.116123749337978
1.095406793586987         0.44470364697992326      1.1785781057408138E-16   0.6587721892843542       9.087161005344184
1.1049357062076672        3.5245516881825583       -6.954063878817348E-17   0.6982258958582135       9.079220244826951
1.1054740455275125        3.9048918546654554       -4.7446383153599946E-17  0.15474459251216732      9.078771628727084
1.1082935228317015        0.3159440080784908       4.325315167604802E-17    0.4849814233638593       9.076422064306923
1.1162159854461196        0.14763615257021798      3.4473630245918934E-17   0.23697840697297315      9.069820012128242
1.1204249038685714        3.6751152582251168       -4.477478603199407E-17   0.49749536319225046      9.066312580109528
1.121444229087352         0.055117955023809395     2.6297280152822094E-17   0.09059742963717952      9.065463142427209
1.121462954219365         3.9446050337435965       -7.337996801960466E-17   0.09104635947461077      9.065447538150533
1.1214953271028025        0                        0                        0                        9.065420560747654
1.1214953271028025        0.025053615919913366     -3.082307144780067E-17   0.04149449167041288      9.065420560747658
1.1214953271028039        3.974820469883453        2.0556131296970053E-17   0.041701713220541045     9.065420560747674
1.1214953271028039        4                        0                        0                        9.065420560747674
1.1247458794470455        2.912498387175194        -5.59614870142636E-17    1.3197277889177796       9.06271176712747
1.1279818505941863        3.0394008667232053       -1.5691009291522522E-17  1.216519099272938        9.060015124504853
1.129264976492431         3.850686624261052        -3.30372824953041E-17    0.2395662578255137       9.058945852922982
1.1330670242609737        0.09667213156269502      5.738595498457695E-17    0.1572262605124605       9.055777479782533
1.1330890179222426        0.8615825156844669       1.982031925948096E-16    1.1266690130852894       9.055759151731475
1.1553114692123738        3.307565725517757        -3.439718478169055E-18   0.9542799472713429       9.037240442323032
1.1588316131736052        2.554211879896259        -1.1996807037176846E-16  1.538687163409107        9.034306989022001
1.1633963578871382        2.74251510852437         -3.7718890687581373E-17  1.4369463806721023       9.030503035094062
1.1649187880583542        2.3669168721015574       -2.62546821253742E-16    1.610571670403005        9.029234343284715
1.1655565053931225        2.1823215090554413       -1.3285104764612895E-16  1.6528161947232292       9.028702912172406
1.166036140014355         1.9984037155819399       -2.488405619679479E-16   1.6666656049483584       9.028303216654715
1.166440915502535         1.8146275263650538       -2.1230913829093208E-16  1.6523487691743604       9.027965903747896
1.1668665150810855        1.4512064934940847       3.9071592394343196E-17   1.5411773696737272       9.027611237432438
1.1669308498463058        1.6315287679542456       -4.264813581669419E-17   1.6100953963144529       9.027557625128084
1.1671116733649942        0.2290276490013629       3.160053042116925E-17    0.35985705499931697      9.027406938862514
1.1681905981992964        1.2730450732691116       7.366462091779153E-17    1.4464735560423714       9.026507834833929
1.171055010480478         0.7237997510025721       1.7417880847722762E-16   0.9880470518578769       9.024120824599608
1.1735368809542115        1.1029834623826533       1.4423002778390645E-16   1.3314005546837462       9.022052599204832
1.1868016095556553        3.7719215508440755       4.080925428624238E-17    0.35845584068930286      9.010998658703627
1.1892597878850295        0.5305153200719008       7.745813001397213E-17    0.7669228231069222       9.008950176762484
1.200591086778517         0.9611198348996621       5.601545539312923E-17    1.2169700010671238       8.999507427684575
1.2083986315256623        3.139380617842863        2.709460669789508E-17    1.1257549198683403       8.993001140395288
1.213558461669435         0.3527719492668414       2.9589376704418855E-17   0.5360998953657664       8.988701281942147
1.2169319988368041        3.903661120074162        1.484124474980196E-16    0.15669764163249425      8.985890000969333
1.2258331599849825        0.14838704207713801      1.0806092050948291E-17   0.2381372725217292       8.97847236667919
1.233603251705624         0.05550821818497044      7.02485519198444E-17     0.09122987935575474      8.97199729024532
1.2336214559393377        3.9443746286521835       1.5179753235920137E-16   0.09141970977236809      8.971982120050544
1.2336448598130842        0                        0                        0                        8.971962616822433
1.2336448598130842        0.025231008265895652     3.911168984140126E-17    0.04178642886894532      8.971962616822431
1.2336448598130845        3.974715740296447        1.0269687024303728E-16   0.04187406042727288      8.971962616822411
1.2336448598130845        4                        0                        0                        8.971962616822406
1.2395846369710122        2.8585332673850745       -3.3443466196643346E-17  1.3595502619971291       8.967012802524161
1.240978634266496         3.6397423076346604       3.885840791358682E-17    0.5463521518970663       8.965851138111262
1.2417236739703152        3.8501746280192046       1.0106062513230877E-16   0.2403557690974992       8.965230271691409
1.2460441988363573        0.09722160420696317      -3.8209673123295955E-17  0.1580976568763656       8.961629834303041
1.2468609199759502        0.813271206806355        9.756711510177297E-17    1.079864488085482        8.960949233353384
1.2577718730956706        3.4469408876557877       5.99782531638391E-17     0.7943175281791176       8.951856772420284
1.26435418133739          2.983103245236917        7.507802838508753E-17    1.263961670501935        8.946371515552185
1.2744397209440463        0.2297115147460117       3.6278594019599726E-18   0.3608661162404751       8.937966899213306
1.2825160716725166        0.6355404593788463       1.7068771656651783E-16   0.8909375675032963       8.931236606939576
1.2941674675920594        1.0338182548682413       3.57142924050255E-17     1.277705348072563        8.921527110339953
1.297528215813634         3.769916885067018        6.079677047679002E-17    0.36141425831444346      8.91872648682198
1.3025121949908138        2.6273168799875624       4.424510513714167E-18    1.502697305034447        8.914573170840995
1.3055573936500302        3.249183020655756        1.1673478525884679E-16   1.0164757420439008       8.912035505291648
1.3094783948313877        1.359624558857863        1.2826477016992958E-16   1.495799705992507        8.90876800430719
1.3105163914987303        2.2721959285515396       -8.120206724340331E-17   1.63579557353332         8.907903007084402
1.3107477813911017        2.455498354303233        -1.0732539178505847E-16  1.5802171871779371       8.90771018217409
1.3113180805407822        2.0883391485063556       -2.3360012976661995E-16  1.663415081183823        8.907234932882693
1.3117720724980468        1.9036763417616582       -1.064536617249355E-16   1.6628007303598278       8.906856606251639
1.3123642113533005        1.7188579774710069       -5.942998048667434E-17   1.6337329846534627       8.906363157205591
1.31383422167038          1.5347533334830235       1.435171967074368E-16    1.5764773080395182       8.90513814860802
1.3142479594791225        2.777393446550145        1.0903320150544201E-16   1.4148580955253705       8.904793367100737
1.3178038920883577        1.1865575442445035       6.916763337578425E-17    1.3909630713226961       8.901830089926376
1.3188429076661332        0.4509346883685673       1.253455332309173E-16    0.6668319417917554       8.900964243611567
1.3265769285043394        0.31901303249674157      6.409025198293186E-17    0.48928450628508335      8.894519226246393
1.330490914267095         3.9027662491203285       7.76214952759381E-17     0.15811691717023166      8.891257571444093
1.3311788067043633        2.8771561494387483       4.6341180658409604E-17   1.3460821206257458       8.890684327746373
1.3332002547670534        0.890574283177799        4.645110028360343E-17    1.1538227411889783       8.88899978769413
1.3365839951362162        0.14872658522829224      -3.720719804409548E-18   0.2386611432331253       8.88618000405316
1.3457608545213215        0.055808819184862204     8.700925053270057E-17    0.09171693851693337      8.87853262123224
1.3457780605423355        3.944224623525333        -3.329755637724282E-17   0.09166275553240744      8.878518282881393
1.3457943925233646        0                        0                        0                        8.878504672897193
1.3457943925233646        0.025367645084028275     7.775090958091922E-17    0.04201127621625161      8.878504672897195
1.3457943925233646        3.9746475561478785       -1.4150959298600663E-16  0.041986262083004294     8.878504672897185
1.3457943925233646        4                        0                        0                        8.878504672897222
1.3516757100252246        3.851989544266847        1.1095724644989516E-16   0.2375561366359489       8.873603574978986
1.3569494231892913        3.6801916692124346       3.626864743430615E-18    0.490398314462139        8.869208814008934
1.357156035446428         3.083795285004706        1.6648060804531727E-16   1.1772449084173202       8.869036637127984
1.359623313862865         0.097503534123996        2.4238455376905037E-17   0.15854466555388114      8.866980571780955
1.3626712929793783        3.546873599068018        2.403310856236857E-18    0.6696591952109823       8.864440589183857
1.3728812631333136        0.7256874470137171       5.0783983375229915E-18   0.990053132208993        8.855932280722245
1.386964920590414         0.23002017660060664      3.0299573691349317E-17   0.3613214269829386       8.844195899507996
1.4001276692488178        1.0799677818008855       5.3775351608073783E-17   1.3139752989481748       8.83322694229266
1.4014156753554           3.35481533186586         4.436950483540908E-17    0.9018647568921668       8.832153603870507
1.4032989425376199        2.8366369287417013       6.068792579636863E-17    1.3750161039440232       8.830584214551992
1.4078513774604335        2.9476440704514473       5.890077935791739E-17    1.292487798224256        8.826790518782978
1.4112736071749363        0.5375921800462271       1.124450336022067E-16    0.7755680700575226       8.82393866068756
1.41324947054509          3.772371319713006        3.7206212407148855E-17   0.35779162710782414      8.822292107879095
1.4202149447748418        1.2857607645526679       4.684651733320279E-17    1.454109297728172        8.816487546020975
1.4245962836118724        0.9609484281668592       4.177000979015924E-18    1.2168215962796174       8.812836430323445
1.4369910085657873        0.35149363040885745      6.258150033636914E-17    0.5343444789239299       8.802507492861851
1.4446383608819462        3.9023738781300445       1.5794671126292752E-16   0.15873901158685608      8.796134699265046
1.4454980982361016        2.7235006178833943       1.441011595661331E-16    1.4485611899676456       8.795418251469924
1.4479456255334922        3.176384119546885        1.142173778851854E-16    1.0900501680324588       8.793378645388763
1.4484477002342246        0.1485028676576319       2.4146426428077912E-17   0.2383159870533282       8.792960249804821
1.4548596522979735        2.363096989256281        -3.247996132679193E-17   1.6117335734970946       8.787616956418363
1.4555501313598536        2.1769207853817294       -5.501892664199574E-17   1.653624598208298        8.787041557200132
1.45661708053159          1.99385511648567         2.590269128423144E-17    1.6666509335027497       8.786152432890349
1.457377177067455         1.6206719235241005       -5.260660519092258E-17   1.6067125876654573       8.785519019110462
1.4578524765793175        1.8075104653759533       -9.74218448618432E-17    1.6512282412750923       8.78512293618391
1.45791603249336          0.05605280027533879      3.303500670949628E-17    0.09211220195110338      8.785069972922203
1.4579315050872965        3.9441247722092982       2.0874272039066492E-16   0.09182452920089366      8.785057079093912
1.4579439252336448        3.9746021691860447       1.765974728299798E-17    0.04206094726906942      8.785046728971952
1.4579439252336448        4                        0                        0                        8.785046728971935
1.457943925233645         0                        0                        0                        8.785046728971958
1.457943925233645         0.025478545579699453     5.4829000351140835E-18   0.0421937608474754       8.785046728971956
1.4606754867074097        1.168517133464622        3.4377187099659344E-17   1.3785984344408806       8.782770427743833
1.463290319564838         0.8161187492789452       1.0850737934549912E-16   1.082677160079647        8.78059140036264
1.4641295614062377        3.8516834422235915       4.795605130872642E-18    0.23802851241457976      8.779892032161476
1.469826375396286         0.09760625927080968      -2.1659043472023034E-17  0.15870752301433264      8.775144687169771
1.470055416558101         1.4262215269399778       8.348029363703527E-17    1.5294909432720467       8.774953819534923
1.4702576857656446        3.6524018845767903       -3.8786443520614314E-17  0.5289866716029469       8.77478526186197
1.4726027825202817        2.549082860192019        1.4037583056031968E-16   1.541045005268064        8.772831014566437
1.4849532102902738        3.47623775996712         4.983882324864858E-17    0.7586341983530253       8.762538991424778
1.4983537014739698        0.22704196541336927      7.756728620549018E-17    0.35692491983112995      8.751371915438368
1.4996815154485803        0.6460560459224006       9.683933980012786E-17    0.902848237173632        8.75026540379286
1.5037683897005103        3.017708013927439        7.809661959366983E-17    1.2351126659949454       8.746859675249583
1.5088283834500897        1.0368120091223483       -5.2023365005417444E-18  1.2801120392621144       8.7426430137916
1.5188402064004702        2.8552125368190433       1.460452726831635E-16    1.3619214653614744       8.734299827999614
1.5228761174667316        3.7712932875859835       -5.0133341061416795E-17  0.35938337056368286      8.730936568777734
1.5343423594238523        3.288989375529279        4.423596388943643E-17    0.9743776624052668       8.721381367146797
1.5401926943094708        0.4483287153626207       2.280419549408244E-17    0.6634650935132441       8.716506088075446
1.5471269806455488        1.27397973581174         -3.239975157030323E-17   1.4470394066616716       8.710727516128715
1.551049383761623         0.891028922979299        5.131397764781613E-17    1.1542429793048117       8.707458846865324
1.5531218295628393        0.31548707877628784      8.224922380270073E-17    0.48434009092931507      8.705731808697642
1.5566946326218387        3.9023177875424597       -2.7351264170680657E-16  0.1588279313331505       8.702754472815158
1.5611452926009919        0.14836273338800007      6.968020093425779E-17    0.238099763705684        8.69904558949918
1.5700698542143112        0.05626586200963517      5.010721937738476E-17    0.09245733367118882      8.69160845482141
1.570082702785715         3.9440338001501183       -2.4327356915390197E-16  0.09197190994745377      8.691597747678582
1.5700934579439227        0                        0                        0                        8.69158878504673
1.5700934579439227        0.02557539182256144      -5.146728671703107E-18   0.042353111093070064     8.691588785046726
1.5700934579439254        3.974560818250054        -8.142133876600119E-17   0.042128989596532745     8.69158878504674
1.5700934579439254        4                        0                        0                        8.691588785046731
1.5724402952206422        2.6867547327229033       1.8898294637309588E-16   1.47015330711779         8.689633087316137
1.575461076075327         3.8512218252935044       -1.3564608066141962E-16  0.2387407306487442       8.687115769937236
1.5796763378171998        3.6852895101384475       -1.0036040107498727E-16  0.4832496945905468       8.68360305181901
1.5822308477819451        3.559218252127327        -6.045515325822717E-17   0.6536826842637518       8.681474293515052
1.5822944210705066        0.09792037702711566      4.3323655866092405E-17   0.15920546161305418      8.681421315774593
1.5870895686220712        3.1206931078640125       1.0101147307543393E-16   1.143352899160876        8.677425359481612
1.591527026216147         0.7271136368020877       4.730837202558361E-17    0.9915667943269976       8.673727478153216
1.5920775681227026        1.116630250066429        -4.505841052556492E-18   1.3415241187092928       8.673268693231085
1.5985380681011185        2.42636752344423         1.815094223310889E-16    1.5909211395633485       8.667884943249078
1.5985611477514083        2.260146607699399        8.228559446497368E-17    1.6384682260427075       8.667865710207165
1.6001432379197424        1.7213147971487006       4.254558970939994E-17    1.6343060657132222       8.666547301733557
1.6011247787899494        2.0837251767927194       -1.0057749900850168E-16  1.663745872821263        8.665729351008386
1.6019234316184583        1.9029115785431028       -1.492423039339264E-17   1.6627390993412552       8.665063806984627
1.6033123559939182        1.5373775179977995       -3.870165620779928E-17   1.5774918496442198       8.663906370005074
1.6137203973544654        0.2275525062692149       2.0962348350268712E-18   0.35767911748644116      8.65523300220462
1.6155724116293775        3.3999549039374055       -3.370212081601303E-17   0.8500526112256711       8.653689656975528
1.6217378460549043        2.5608241677306225       2.311733523443062E-16    1.5356151053705238       8.648551794954255
1.6331660961345034        0.5352628691206749       9.288882512561183E-18    0.7727271405930848       8.639028253221255
1.6345046009968651        3.771587874383057        -8.689302561879061E-17   0.35894850139121776      8.63791283250262
1.6358012585567587        2.958265892673475        1.6274615282758377E-16   1.2840526995577957       8.63683228453604
1.6363212217706862        0.9688766004232438       5.416298193791519E-17    1.223660222852198        8.636398981857772
1.639043840923175         1.3713828543526485       -2.1918087741688005E-17  1.502016868415908        8.63413013256403
1.6613675015429312        0.35238107076884245      3.386707530462399E-17    0.5355632766829893       8.615527082047565
1.6663533347067379        3.90209932428687         3.495888979973034E-17    0.15917423356143015      8.611372221077717
1.6712079115333698        3.227325337810713        6.944059029116988E-17    1.0390302146532584       8.607326740388869
1.6722237321149995        2.7946456862053703       1.2290702895587177E-16   1.4035575972479994       8.606480223237506
1.6742974391196546        0.14904287237097283      -4.200490520792475E-17   0.23914904653304223      8.604752134066958
1.6805222518090508        0.819971622980825        -1.9410467108862986E-17  1.0864720955956224       8.59956479015913
1.6807861731324414        3.5033402729603402       -9.67624345052303E-18    0.7249866765398045       8.599344855722972
1.681689117408844         1.2018824735634985       -2.4105671464835373E-17  1.4012535058312012       8.598592402159305
1.6822240958338155        0.05645105988007261      -2.2579143066557556E-17  0.09275729889946116      8.598146586805154
1.682234695585234         3.9439375284188967       -8.789307564808397E-17   0.09212786900192982      8.598137753678976
1.6822429906542031        0                        0                        0                        8.598130841121497
1.6822429906542031        0.02565957267276028      -4.337404043196719E-17   0.04249161542553849      8.598130841121495
1.6822429906542058        3.974517058372226        1.0927626074456171E-16   0.04220099424878891      8.598130841121487
1.6822429906542058        4                        0                        0                        8.598130841121485
1.6860147422631686        3.850891014045079        -8.68622646820126E-17    0.2392510225529911       8.594987714780702
1.6884790899394455        3.65240857534873         -8.982415710156529E-17   0.5289774583808257       8.592934091717138
1.6965543937085812        0.09825734379056274      -5.906697956277419E-17   0.15973952898061416      8.58620467190952
1.7037391059970965        2.6372625275069717       1.9547934558115552E-16   1.4974568629314289       8.580217411669095
1.717824218753638         1.0497135480131217       -4.3519936111744166E-17  1.2903981913209137       8.568479817705308
1.7199754400043858        0.6477685202797829       5.2707921358569024E-17   0.9047791771890309       8.566687133329685
1.7260776622431218        0.23040212143151606      -1.3589539391458534E-18  0.36188472840246727      8.561601948130741
1.7306471062307693        3.0725140970289186       1.2880253988644673E-16   1.1873806298642686       8.557794078141027
1.7364431996565592        1.48604437112203         -9.095999047067089E-17   1.5566040048102723       8.552964000286208
1.7368312755273339        1.6452113503080308       -1.499807456846084E-16   1.6142187558540637       8.552640603727228
1.738398357745195         2.339082456075153        1.9533859516026426E-16   1.6187596199925187       8.551334701879014
1.7404147623763413        3.7711464098964234       3.924998622903745E-18    0.35960016446292137      8.54965436468639
1.7427343864112295        2.1716395126937806       9.258121517625601E-17    1.6543916157009353       8.547721344657317
1.7435571252258757        1.8142057520609665       -6.213242033885632E-17   1.6522835405969885       8.547035728978445
1.744552433775358         1.9948917839342326       -3.0498274120926286E-17  1.6666557942202622       8.54620630518721
1.7494347460884263        2.4997884638162358       2.290978257479259E-16    1.5625881214317539       8.542137711592986
1.7506872489277923        3.365755924355155        4.2722802696007556E-17   0.8894628146203322       8.541093959226847
1.7639026566910316        0.4529132697907933       2.3145452395689952E-17   0.6693844371710775       8.530081119424146
1.7676191395566638        0.8990804276442682       -6.737857291988295E-17   1.1616567063350312       8.526984050369451
1.7772649918653451        0.3194437194621158       5.0784907552252125E-17   0.48988774497694704      8.51894584011222
1.7797831634481573        3.9018771603314737       -7.288592394000512E-18   0.15952636125395417      8.516847363793216
1.7838835210476789        0.15212398869495233      -3.493802827338004E-18   0.2438976028513947       8.513430399126944
1.794379633469707         0.05659131992502938      6.128483478583207E-17    0.0929844592538585       8.50468363877525
1.7943899700972707        3.9438677309376944       2.612489573023559E-16    0.09224093525797473      8.504675024918946
1.7943925233644862        0                        0                        0                        8.504672897196249
1.7943925233644862        0.02572332723864972      2.402022547719771E-17    0.04259650807932174      8.50467289719626
1.7943925233644866        3.9744853322444067       3.537936567038414E-16    0.042253196979873085     8.50467289719626
1.7943925233644866        4                        0                        0                        8.504672897196258
1.795685659655457         1.3025923231905605       -5.852159817491479E-17   1.464009388469693        8.503595283620458
1.7972600901143432        3.8504433190624354       -6.902509472396689E-17   0.2399414678904992       8.502283258238053
1.8005734907340232        2.8916495048225594       2.5815125457868397E-16   1.335400483562369        8.499522091054986
1.8008630973718307        3.664136876708846        2.7049785255756827E-17   0.5127701898240532       8.499280752190149
1.803167094711832         1.131248745363525        -6.150719424090222E-17   1.3521963573198137       8.497360754406815
1.8044313693328375        3.5383877261385464       2.984651198125785E-17    0.680568001694281        8.496307192222643
1.804814661745109         2.7313524622375045       3.2304919960001714E-16   1.4438014899913088       8.495987781879082
1.8091289398971986        0.09838401334092273      1.0763216962531675E-17   0.15994026636776001      8.492392550085677
1.8110668488990762        0.7309496493145134       -2.7033412185167604E-18  0.9956296697604355       8.490777625917444
1.8110768146440512        2.609830318714645        2.709210736291373E-16    1.5117112426568318       8.490769321129966
1.822377621984545         3.197281934228194        4.1227319403651406E-17   1.0693816541544978       8.481351981679554
1.83553860657641          1.5768371509274814       -8.24884160151869E-17    1.5920555013186801       8.470384494519664
1.8376005325705178        0.23221447722309213      6.338698548675545E-17    0.3645559772751561       8.468666222857907
1.8549413037114386        0.976952239029067        -5.84639161243909E-17    1.2305721994884846       8.454215580240474
1.8550812394202048        0.537941093752614        3.842380543559525E-17    0.7759932311094576       8.454098967149838
1.857666857978157         3.770455883810895        5.018260499685486E-17    0.36061915144974327      8.45194428501821
1.8692829482784667        2.534495753336208        2.673915164482573E-16    1.5476309540273174       8.442264209767952
1.8714792080126739        2.412087715029889        2.4595344825070425E-16   1.595909881300603        8.44043399332278
1.8732027647236011        3.361329273061           7.236039570232826E-17    0.8944927542946711       8.438997696063673
1.8739558615418002        1.4535465653737205       -7.788427884207101E-17   1.5422452682438108       8.438370115381842
1.8751152395716626        3.0376675448439894       1.2391676369539716E-16   1.2180191943239367       8.43740396702362
1.8771292281261858        2.259186920317251        1.6162561687353836E-16   1.638675891806859        8.435725643228189
1.8838748964541483        0.35610017028386004      3.1522209442218013E-17   0.540663895774686        8.430104252954884
1.8874556230120898        2.0902750942184882       2.1530244589096263E-16   1.6632710030682694       8.427120314156598
1.8875425213808945        1.7143311492335047       -8.436152402981878E-17   1.632663878209064        8.427047898849265
1.8903498511334669        1.906573853198228        4.595818854377203E-17    1.663029814622407        8.424708457388784
1.8932826603426598        3.901469645417695        1.4835721229872314E-16   0.16017216148129407      8.422264449714456
1.8977378053533633        0.15135463291184487      6.486810714134853E-17    0.24271262780979172      8.418551828872205
1.9013498756501936        0.8242412106652548       -5.3788211752781265E-17  1.0906630288758734       8.415541770291512
1.9027405718321204        3.653955985630464        4.015649436819628E-17    0.5268456656654835       8.414382856806574
1.9065360306351156        0.05667228296782752      3.703676228405154E-17    0.09311557675605182      8.411219974470734
1.9065420560747666        0                        0                        0                        8.411214953271033
1.9065420560747666        0.02576012862173978      3.1120660288165156E-17   0.04265705427514604      8.411214953271026
1.906542056074767         3.9744876953993247       7.050227226188512E-17    0.0422493086319431       8.411214953271012
1.906542056074767         4                        0                        0                        8.411214953271017
1.9065478477045499        3.943872929878514        1.2401059909176724E-16   0.09223251353563415      8.41121012691287
1.9079784766520624        3.849108217215659        1.501802482003931E-16    0.24199950042730314      8.410017936123287
1.9097549721360754        2.790334621529766        2.1363456836113565E-16   1.4064046608380847       8.408537523219941
1.9107255624117423        1.1921781751823088       -7.133337801427099E-17   1.3947599580617576       8.407728697990223
1.9190888943431827        0.09859885062067575      2.3969039235225375E-18   0.1602806954745769       8.40075925471402
1.9297635491339977        2.6446425025209734       2.2257914740210036E-16   1.4935150183097912       8.391863709055007
1.9361945884050524        3.239857583444743        1.6041224649694013E-17   1.0261471553227348       8.386504509662466
1.9427852971827169        0.6493453770796145       2.445389465067447E-17    0.9065550373265802       8.381012252347745
1.9433216311031232        1.5793427466717849       -1.157786913098786E-16   1.5929364480093187       8.380565307414075
1.9446227775235936        3.141397257171986        -3.191436678604198E-17   1.1238384588834454       8.379481018730344
1.9485733946724315        1.0557832568910022       -1.3021117172155155E-16  1.295189475846933        8.37618883777298
1.9492883798951988        3.516359368173521        1.2960329099153337E-17   0.7086059443968339       8.375593016754008
1.9493614644588664        0.23309024881271834      2.925627074190809E-17    0.36584580464970773      8.375532112950951
1.960844981197559         3.7628919937639727       6.841067928362173E-17    0.37175492430120244      8.365962515668707
1.963432376844375         2.9028152009949424       1.6664973389630696E-16   1.3270519636885265       8.363806352629693
1.9768088374058037        1.3281248018842877       -1.2134225722448232E-16  1.4785765492320733       8.352659302161838
1.9846604235131848        2.5061297665992948       1.9718036612232438E-16   1.5599302747342276       8.346116313739019
1.9886978347508417        0.45435440630975876      2.7028605951748625E-17   0.6712415411274762       8.342751804374304
1.989856503003217         1.475369451503428        -1.927505877007776E-16   1.5519844948267456       8.34178624749733
1.991357511065397         0.9016387038308522       -1.9507542677113504E-16  1.1640010262823466       8.34053540744551
2.001732334651805         0.32169945495583807      -1.1278063393195064E-17  0.4930447002101956       8.331889721123504
2.0023741863038484        2.352866111670438        2.815047064952335E-16    1.6147856280144117       8.3313548447468
2.00324071011798          3.8993946720018635       1.3315917505700982E-16   0.16345828332122217      8.330632741568353
2.007344908816724         3.6507571428735304       4.3077538038544994E-17   0.5312503563550083       8.327212575986069
2.010745228823813         0.15061519562511982      1.5691410886511144E-17   0.24157326889470251      8.324378975980165
2.018254987842473         1.6647172382105235       -7.492106019252744E-17   1.61982727901951         8.318120843464612
2.0185387785249387        3.3242645083193954       -3.188330064008285E-17   0.9359681300023298       8.317884351229223
2.0186915887850456        0                        0                        0                        8.31775700934578
2.0186915887850456        0.025768514509949006     2.1964709598388663E-16   0.04267085070822759      8.31775700934578
2.0186915887850474        3.9745355468386907       6.025997715735513E-17    0.042170572612680104     8.317757009345785
2.0186915887850474        4                        0                        0                        8.317757009345808
2.0186923170557924        0.05669073192188781      2.3919271340976696E-16   0.09314545358404643      8.317756402453517
2.0187039722256865        3.94397820304512         8.623951260496031E-17    0.0920619775356112       8.317746689811928
2.0190398267055567        2.1901036943779952       2.754298808246835E-16    1.6516085772432672       8.317466811078711
2.0288120474026483        3.834837455027952        -6.892279541229216E-18   0.2639047973443951       8.309323293831135
2.0293061473655807        0.09891373119459508      5.0138269870669925E-17   0.1607795827331431       8.308911543862024
2.034233090293691         2.7676345168927967       9.35615456858843E-17     1.4211405201978184       8.304805758088593
2.035013144140658         0.7311917241885946       -6.566889509175932E-17   0.9958856496802043       8.304155713216128
2.043497899234955         3.193451911743514        -8.06867219855913E-17    1.0731968893148969       8.297085083970883
2.0448969018936554        1.8134417480945495       1.6080011859647292E-17   1.652165007769161        8.295919248421965
2.045031333699102         3.0388822008703893       2.2204732127946647E-17   1.216968238631124        8.295807221917421
2.0498537205485623        1.1523172483586062       -1.9145373932019093E-16  1.3672641469040323       8.291788566209538
2.0509280119207407        2.019254800789442        1.1381576000346124E-16   1.6665121886027343       8.29089332339939
2.060441743739153         1.5607337774505314       -2.2988497113428864E-16  1.5862688273863015       8.282965213550712
2.0617186921256963        0.23226473236507292      1.3833940660379646E-17   0.36463000981653026      8.281901089895259
2.0714500278096546        3.7635686859045494       -9.20300786957797E-17    0.3707606208737087       8.273791643491963
2.080125692321161         0.5381275744162727       -1.0629782767773074E-16  0.7762204213824795       8.266561923065707
2.081395175585619         0.9803644295816534       -1.8848914390398305E-16  1.233476376474023        8.265504020345324
2.081613973292341         2.6073074704139616       2.5352218351981594E-16   1.512990681824749        8.265321688923057
2.0883840820534005        3.499651994737857        -6.131051123852928E-17   0.7296016227828198       8.259679931622173
2.0906174164037914        3.8967276406121027       -1.3613256777282908E-16  0.16767677389085248      8.257818819663525
2.094265760577328         1.4295278854919784       -2.714601390759434E-16   1.531067319403646        8.25477853285223
2.1075570644021235        0.3565473434306474       -1.4954777769234586E-17  0.5412764023396409       8.24370244633157
2.118012619714199         2.8762097756409375       3.193096257261753E-17    1.3467735121130249       8.234989483571509
2.1218221072869627        2.4560415600658936       1.4782317389265036E-16   1.5800108731219453       8.231814910594204
2.1221941002860523        0.15064531981462428      -1.256629811885441E-17   0.24161969453185272      8.2315049164283
2.12331879410252          1.2913419640894106       -3.111369663464113E-16   1.4574182450580617       8.230567671581243
2.1267875385138226        0.8246560135471749       -1.9449060626402032E-16  1.0910693806288265       8.227677051238489
2.1271920055145523        3.311148662562538        -7.153565803196033E-17   0.950370493608529        8.227339995404547
2.130841121495326         0                        0                        0                        8.224299065420558
2.130841121495326         0.025750137245090888     2.6094478548793735E-18   0.04264061642175936      8.224299065420572
2.130841121495328         3.9746033317732783       9.949122059598277E-17    0.04205903422911217      8.224299065420569
2.130841121495328         4                        0                        0                        8.224299065420567
2.1308472939968577        0.056650301939199954     1.9251676298548717E-17   0.09307997960291543      8.224293921669284
2.1308543125882338        3.9441273299012125       -1.0402003233813815E-16  0.0918203854713257       8.224288072843157
2.131089813896472         3.6576231142665936       -8.917271404043218E-17   0.5217856712704668       8.224091821752948
2.1349288879548203        2.139354852095662        1.9598087348370553E-16   1.6585750938322499       8.220892593370989
2.1387406722348437        3.8373335206695653       -1.5587705332715943E-16  0.26008563909332505      8.217716106470974
2.139053242774199         1.679693335059464        -1.0273773216822896E-16  1.623918183497781        8.21745563102151
2.1429921925556465        0.09890871356214752      -2.924231363195646E-17   0.16077163359586286      8.214173172870304
2.1593957426114194        2.282881130889985        1.7521484598698261E-16   1.6333242774110026       8.200503547823828
2.1677444204742726        0.6482037425576055       -2.1877737470473043E-16  0.9052695326519737       8.19354631627145
2.1678243696098063        3.142922905020439        -1.7777372405839092E-17  1.1223863471581843       8.193479691991834
2.1727368972231953        0.23280513085795365      -3.40919423320747E-17    0.36542595603251066      8.189385918980678
2.1760981713000267        1.1800932989601227       -3.6741155067136905E-16  1.3865637506624617       8.186584857249985
2.177898337134574         1.5357520077660105       -3.1420383631780743E-16  1.5768640840444637       8.185084719054528
2.1796441991730235        2.726646289189067        3.641190721802651E-17    1.4466604876699003       8.183629834022485
2.1850668438321024        1.0520820421080816       -2.1744121362581852E-16  1.2922714771275075       8.179110963473258
2.1850765197054347        1.9315565126436272       3.604981769760872E-17    1.6647147870993757       8.17910290024548
2.1905021686956254        3.759838058181359        -9.175910286529061E-17   0.37623750374019327      8.174581526086984
2.19051774619082          2.0514677991423955       1.7463750901260945E-16   1.6655629440214341       8.174568544840996
2.201577793778394         3.5622898558745058       -1.130236933651824E-16   0.6496876692631738       8.165351838518013
2.208007863307175         3.901995104319968        -5.68417585681378E-17    0.15933942630953066      8.159993447244027
2.2128266745039076        0.45360799901668475      -7.572893170740355E-17   0.6702799080395082       8.155977771246752
2.213830990309173         2.9897610456219725       2.5809129054358894E-17   1.258488780237209        8.155140841409029
2.2195919257305037        0.9012477304529549       -2.3010304091940656E-16  1.163643104235508        8.150340061891255
2.221419590946203         1.7915035758250166       -7.381301798946508E-17   1.648553850460937        8.148817007544837
2.2216717872078924        3.408854821103496        -1.1048604433567233E-16  0.8396367054389323       8.148606843993434
2.2264531289801615        0.3195838964401962       -4.64200471006824E-17    0.49008404954036966      8.14462239251654
2.2271986668880213        2.567743728659978        1.4817644194406152E-16   1.5323612744030284       8.144001110926654
2.2336704325390118        0.15054331249350786      6.988652042274973E-17    0.24146248376563054      8.138607972884165
2.2344591192473815        1.3915349184827748       -2.566614679246736E-16   1.5124042685726          8.137950733960523
2.2429906542056077        0                        0                        0                        8.13084112149533
2.2429906542056077        0.02571305753697232      2.2496487059865956E-16   0.04257961200832892      8.130841121495306
2.242990654205608         3.974652522738347        -8.529555496949041E-18   0.04197808935128391      8.130841121495337
2.242990654205608         4                        0                        0                        8.13084112149531
2.242999763128529         0.0565687265813391       2.2209359716250634E-16   0.09294786895763404      8.13083353072623
2.2430002296748914        3.9442355500243638       9.82585386102386E-18     0.09164505250894145      8.130833141937584
2.2444630823479073        1.2509041748807261       -2.5817088355455735E-16  1.4328564353286988       8.12961409804342
2.2476834406407837        3.6579112963197975       -7.652447654791834E-17   0.5213875556396705       8.12693046613269
2.2547631123455663        2.153066835278493        1.029105405532765E-16    1.656904393307429        8.121030739712031
2.2556553347785426        3.8400328094077536       -5.177915211630011E-17   0.25594969179292065      8.120287221017888
2.256726778650637         0.098717005162739        4.126326885552854E-17    0.16046790564277313      8.119394351124482
2.2604731313486064        0.7317297563130688       -2.215441613875293E-16   0.9964544120742892       8.116272390542838
2.2660262996824456        3.2374279106160446       -6.82441696660826E-17    1.028655069178505        8.111644750264633
2.2718890541292107        2.8315073593578624       -2.2987788965823675E-17  1.3785814630557152       8.106759121558996
2.274613620710388         2.413785062414258        3.1551804288653016E-16   1.595325800884513        8.104488649408019
2.2779056009748806        1.1200792239912027       -2.7460822446208937E-16  1.344058094978366        8.101745332520936
2.2838046686672366        0.23209810451636698      -5.57742699614922E-17    0.36438453664390735      8.096829442777311
2.288653271317027         1.6363696448057257       -2.6731461158162214E-16  1.61157206865887         8.092788940569152
2.2919497342022788        1.50499210027417         -2.1294297387570735E-16  1.5645696580037605       8.090041888164778
2.293102520776106         2.0193476634258927       1.1610174047990662E-16   1.6665106949666508       8.089081232686588
2.2982509562274607        3.7712750224715528       -1.7726270341291873E-17  0.35941033115350024      8.084790869810456
2.3049696623607474        0.5359947679074133       -1.1652205412338748E-16  0.7736202835023054       8.07919194803272
2.306516065421426         3.537100985522412        -8.574651038322598E-17   0.6822169001275132       8.077903278815485
2.31384740177817          0.9730324543008515       -2.1422547828389417E-16  1.2272240250336124       8.071793831851537
2.3174526766613273        3.087632888887571        -4.572058867598081E-17   1.1737727912541995       8.068789436115567
2.327109307753698         1.3131586209532398       -2.3834610269964204E-16  1.4701037166788116       8.060742243538591
2.3275962127082463        2.678727692685227        5.066411833571374E-17    1.4747202996592461       8.060336489409805
2.3289622412478335        1.8922152550548113       -6.021430774978782E-17   1.6618260203154598       8.059198132293481
2.3302653787787793        0.3545448103335999       -1.3000713109297366E-17  0.5385321744999633       8.058112184351026
2.3308016350825165        2.274145711356115        1.2600266933487948E-16   1.635351720393772        8.05766530409791
2.332138341452915         3.9078404133182465       -2.5015356974679822E-17  0.1500603988790259       8.05655138212258
2.3451865459270826        0.1498739407860609       -8.188226073730077E-17   0.2404306520906249       8.045677878394107
2.3534173858836103        0.8222136932174869       -2.2679483425193134E-16  1.0886747564815042       8.038818845097
2.355140186915888         0                        0                        0                        8.03738317757008
2.355140186915888         0.025671372779207415     3.27793278616252E-16     0.04251102989019176      8.037383177570119
2.355140186915889         3.974676990268231        4.058812163953973E-17    0.04193782671049999      8.037383177570103
2.355140186915889         4                        0                        0                        8.037383177570074
2.355145945649201         3.944289378590108        2.6470805154957206E-18   0.09155783845903785      8.037378378625668
2.3551494660547148        0.056477020114256316     6.449080240360899E-17    0.09279934444001617      8.037375444954405
2.3581638458253247        3.6593407416023602       1.0987137958643339E-17   0.5194117930243874       8.034863461812238
2.361287083753061         3.3626919007315754       -1.1496301398574748E-16  0.8929461598669032       8.032260763539126
2.3639814843239373        1.1878704008492647       -2.566735237922157E-16   1.3918522975763619       8.030015429730062
2.3661006043567805        3.8436626113475225       1.0063055462336541E-18   0.2503784064663476       8.028249496369357
2.3668543220071663        0.09838927168667265      -9.040864465453314E-17   0.15994859915152357      8.027621398327371
2.369595742683011         2.9355664551550973       -1.2816560781268166E-16  1.301964753328553        8.0253368810975
2.3765320254584945        1.5462433714214858       -1.1071288799860209E-16  1.5808770508421097       8.019556645451264
2.377900580728422         2.5239521152909146       7.419037501869538E-17    1.5522809087009077       8.018416182726321
2.3807058783785173        1.7620802485298674       -1.4699386453498725E-16  1.643080913275164        8.016078434684578
2.3822054343940082        1.4150593727233463       -1.2312008947245972E-16  1.524101859400499        8.014828804671666
2.385827994101139         2.1323556285248113       1.3491483784791147E-16   1.6593674948324189       8.011810004915729
2.3924062198116425        0.6481215936977544       -1.7919328033709295E-16  0.9051769894057093       8.006328150156977
2.3945887412035933        0.22907601954423695      -9.867030594409243E-17   0.35992843976946515      8.004509382330347
2.4029929582674443        1.0459822697945347       -2.3456534547056804E-16  1.2874375710223391       7.997505868110473
2.4093965118972016        3.77693623870567         -1.5154411597059187E-17  0.3510406681560611       7.992169573419005
2.4200400504811994        3.1819886711811023       -1.568205283333404E-16   1.084542825499806        7.983299957932343
2.4226423613483155        2.7821148591477947       3.265649652524201E-17    1.4117901446250947       7.981131365543079
2.426039027176053         1.9898851523330778       1.4166801461056975E-17   1.6666240374402828       7.978300810686631
2.4296653981652465        2.3755445348701127       1.5288961077385658E-16   1.6079026259704976       7.975278834862304
2.4330140903249218        1.6343228747640652       -1.4052175417757744E-16  1.610950100032994        7.972488258062573
2.435640266702926         0.4497578554984294       -1.7033684623095847E-16  0.6653122055879885       7.97029977774757
2.4427765918797784        1.274289953213322        -1.7142533130919095E-16  1.4472270533303668       7.96435284010019
2.4441096959804787        0.8965897662408486       -1.7329727564432512E-16  1.1593691066814904       7.963241920016277
2.4448975538874884        3.9027796946053535       -1.6234969551930111E-16  0.15809559741564908      7.962585371760439
2.447943786157808         0.31752172383659993      -1.3311808306202125E-16  0.48719452093259763      7.9600468448685024
2.456874715020404         3.521491973238179        -1.3322260527838147E-17  0.7021092397382471       7.952604404149669
2.4574430476410574        0.14915734058454988      -7.250510530736513E-17   0.23932560420330998      7.952130793632462
2.467289719626167         0                        0                        0                        7.943925233644902
2.467289719626167         0.025637123152576165     8.18807007125909E-17     0.04245467938615186      7.943925233644875
2.467289719626169         3.9746904981723294       -1.730913491154206E-16   0.04191559851163251      7.943925233644856
2.467289719626169         4                        0                        0                        7.943925233644867
2.467293274638167         3.944319095979125        -2.1305593858372375E-16  0.09150968875454948      7.943922271134878
2.467297577886207         0.05640167093566756      -9.642260630609391E-17   0.09267730635763959      7.943918685094831
2.4687972614906704        3.6744699640025127       1.2213267753259426E-17   0.4983959748555935       7.942668948757785
2.4695368771755595        3.8526098897851675       -2.046511218523783E-18   0.23659858177924578      7.942052602353708
2.4708643636175007        3.037728736624174        -8.304746525702819E-17   1.2179662788268322       7.940946363652091
2.4715307716028225        1.8529486280741125       -1.116134552693707E-16   1.6576566225061324       7.940391023664321
2.4769114490147355        2.6297580567828716       -2.6657841185556392E-17  1.5014186624654433       7.935907125821061
2.4774869030269864        0.09809698967613971      -1.6158590112909006E-17  0.15948539138376586      7.935427580810855
2.4785854728187786        2.230985951042494        2.3966308513282126E-17   1.6444356210087492       7.934512105984354
2.4819195437071544        1.5029768342125869       -1.8962150516204452E-16  1.5637366552794418       7.93173371357738
2.484780687366969         0.7283608486646471       -1.402257778049974E-17   0.9928891119962939       7.929349427194205
2.4895207986756516        1.121860173087682        -1.4255312000380687E-16  1.3453626851626694       7.925399334436967
2.503098653330113         3.3103335854264637       -1.1648670279965554E-16  0.9512607895430957       7.914084455558246
2.5088840335123326        0.22857213296768303      -8.180163915338972E-17   0.3591847132922234       7.909263305406401
2.5173664764907886        2.8846644219556543       1.0817922421611262E-17   1.340570358552446        7.902194602924349
2.519277421227118         2.0884717004020557       4.5754159212640914E-17   1.663405315928322        7.90060214897741
2.5198605940941436        1.7152390420866002       -3.5327495237110795E-17  1.6328796653534356       7.900116171588223
2.525787412513237         1.3525026503485127       -1.350552691058567E-16   1.4919779925809593       7.895177156238977
2.527634485791864         0.534743404655479        -1.6068419109986314E-16  0.77209296241641         7.893637928506791
2.5314181368838944        2.4781536163330387       4.9642080402835944E-17   1.5714037996615167       7.890484885930094
2.533019409983846         0.9719197553611036       -7.892244167686324E-17   1.2262712544096788       7.889150491680135
2.5334205686477898        3.77015182995599         9.509957720794047E-17    0.36106770787644177      7.888816192793516
2.5554111710199465        0.35262799926148547      -1.1962050877856908E-16  0.5359022879928269       7.870490690816722
2.559696275983567         3.9023166536701206       1.7709730052613598E-16   0.15882972882054772      7.866919770013692
2.562376101658275         1.951393134414477        -7.461059783910825E-17   1.6656822385908143       7.864686581951447
2.5670516744499534        1.5785917261531732       -6.443190206620974E-17   1.5926729444722671       7.860790271291713
2.5701590882570007        0.1491632287850898       1.6856565964055973E-17   0.23933468596615268      7.858200759785845
2.5724902942077197        2.732457120022829        -1.2861623930494855E-17  1.4431277363866106       7.856258088160241
2.5739847476326463        1.2019066629556008       1.136192001317295E-16    1.4012695939022237       7.8550127103061405
2.575928166587403         0.8208096263700937       -3.267609138290905E-17   1.0872958594744018       7.853393194510507
2.5794392523364476        0                        0                        0                        7.850467289719597
2.5794392523364476        0.025612643410888265     3.5985332492977724E-16   0.04241440255877473      7.8504672897195995
2.5794392523364493        3.9747013615729054       2.291759024873564E-17    0.04189772191754729      7.850467289719624
2.5794392523364493        4                        0                        0                        7.8504672897196315
2.5794414561936305        3.9443429954603917       2.0624126723185425E-17   0.0914709650017131       7.850465453171973
2.5794458865720173        0.05634781550395418      3.8663539420242134E-16   0.09259007737656201      7.850461761190003
2.5831681885086315        2.3301066911550095       1.0556287976739077E-16   1.6212623218561226       7.847359842909483
2.584670138464839         3.8506430165803343       1.627297911233109E-16    0.23963351049268375      7.846108217945971
2.5861306660626315        3.644429036510365        4.851433525068475E-17    0.5399388099506637       7.844891111614481
2.587697959840103         3.1500262309885643       -4.666708405807508E-17   1.1155998616825995       7.843585033466589
2.5915078676967487        0.09805157519931583      7.822793685990646E-17    0.15941341224924852      7.840410110252718
2.6014887360660284        3.4659132588739037       1.9425419948788766E-18   0.7712909656073719       7.832092719944986
2.61130637095618          1.8068597138566964       1.6960835334935604E-17   1.6511236791118693       7.823911357536525
2.6130332755485752        2.986493751577053        3.9458423080827726E-17   1.2611791992080974       7.822472270376193
2.6145452986275566        1.4301157566495648       -9.492866083066861E-17   1.5313466454920437       7.821212251143712
2.615698337133581         0.6467606561969906       -4.1707596260238113E-17  0.9036430326598343       7.820251385722025
2.620369599966259         1.0491919963522653       1.036470517824849E-16    1.2899850584164214       7.816358666694794
2.6211858299463047        0.2304685164214442       -9.421438361985365E-17   0.36198263692678156      7.8156784750447565
2.6247904226399377        2.1811303317925654       -9.116775741300188E-18   1.6529965845436327       7.812674647800059
2.629419800783069         2.583140755316879        -4.7128370297347195E-17  1.5249778581201932       7.808816832680783
2.6320374418438717        3.296920110621757        -9.900368775073884E-17   0.9658325944436879       7.806635465130117
2.6322325507540176        2.0498912009367185       -6.232768174948525E-17   1.665629528362123        7.806472874371657
2.6417019011320626        3.770295470285403        1.0213880006192112E-16   0.36085581161957675      7.798581749056623
2.6559482822168605        1.6565157281268066       2.3150525816930396E-17   1.617507731239894        7.786709764819292
2.661216501030344         1.2784679718765648       5.980941407656285E-17    1.4497464718300355       7.78231958247472
2.6612818309560193        0.4502768914282721       -2.1581892462921515E-17  0.6659826194828256       7.782265140869995
2.6652342566426888        0.8970343473348064       4.546205766191634E-17    1.1597778204336855       7.7789714527977685
2.674437888141235         2.831141307363083        1.13269106861148E-16     1.3788350529978282       7.771301759882312
2.6762387475615066        0.316071708818529        -6.93771955027455E-17    0.4851606292327714       7.7698010436987515
2.677602684273744         3.9026493073950337       1.7220407253537329E-16   0.158302338778833        7.768664429771893
2.6825645034716623        0.1494751126437966       -4.686268472548246E-17   0.2398156838647129       7.764529580440292
2.690915776984741         2.430664560038302        8.748375031435572E-17    1.589386681969591        7.757570185846052
2.6915887850467293        0                        0                        0                        7.757009345794417
2.6915887850467293        0.025590961467928955     1.5387075339439278E-16   0.042378728567859514     7.757009345794412
2.6915887850467297        3.974706005149679        1.6488306350524705E-16   0.04189008051074824      7.7570093457943905
2.6915887850467297        4                        0                        0                        7.757009345794367
2.6915901334443086        3.944353211329294        2.414097589967577E-16    0.09145441233060918      7.757008222129729
2.6915953265226125        0.0563001152294437       7.659764921084988E-17    0.09251281580955248      7.757003894564493
2.696180515942652         3.8515233558489035       1.397942492221931E-16    0.2382755261441729       7.753182903381124
2.6994982118093085        3.682986304999124        7.924585265195104E-17    0.48648212382724854      7.750418156825583
2.701801008900995         3.5567465426663722       7.364062317138954E-17    0.6568917507901241       7.748499159249178
2.702441504799564         1.5067518874284354       1.7503935404157386E-17   1.565294291435247        7.74796541266704
2.705673491762917         0.09816660366197001      -2.54054900734335E-17    0.15959572190556412      7.74527209019758
2.7079222221520465        0.728335513269329        8.525551518937647E-17    0.992862263828342        7.743398148206638
2.7080647792926382        1.1262337828759184       6.175275719926687E-17    1.3485552490886141       7.743279350589476
2.713346809280414         3.07081419649921         7.337391257667186E-18    1.1888987319065636       7.738877658932995
2.713870468233459         1.9203024108842015       6.881386619844166E-17    1.6640201226204723       7.738441276472124
2.7229082392544397        2.6845933276814167       2.2620875697624557E-17   1.4713883232058695       7.730909800621309
2.7234051259553187        3.3772151430116955       5.751495195008485E-17    0.8763660207746985       7.7304957283705775
2.7338550388140157        0.2303337854953406       -5.931694176590785E-18   0.3617839538503121       7.721787467654997
2.735798125705257         2.2643767617772825       3.413027328104834E-17    1.6375437199300669       7.720168228578959
2.7444537766323487        1.7446990224349803       -4.628325098033859E-18   1.6395089211893124       7.712955186139716
2.749099505141002         1.3552712126255668       1.1868994084873074E-17   1.4934686628044567       7.709083745715837
2.7502871774764546        3.2079604880179975       -4.5922143018198314E-17  1.0586797747447179       7.7080940187696285
2.7525010825419343        0.534791452481475        3.165358745538763E-17    0.7721516301161063       7.70624909788173
2.753810868034267         0.9733315147014118       1.4512679117499583E-16   1.2274799255394606       7.705157609971452
2.754287086580062         3.7633513611430103       3.470602676831741E-17    0.37107999048128887      7.704760761183288
2.7644829441902443        2.944312688979849        2.5000583208125237E-17   1.2951139772631868       7.696264213174804
2.7691874157539313        2.0945091266448674       -1.0830808988502563E-16  1.6629450104086776       7.692343820205066
2.7801071038733385        0.35350454407019727      -6.97647523169405E-17    0.5371052973343798       7.683244080105561
2.7809455045164078        2.542649856822908        1.3052861293824892E-16   1.5439713053708666       7.682545412903001
2.791152023588084         1.5867811806965522       -5.62269797991094E-18    1.595520919738945        7.674039980343273
2.791416748010101         3.9029661687195123       -4.9157543708263686E-17  0.15779990029540866      7.673819376658256
2.794680167310018         0.1496256850964506       2.6897730156558154E-18   0.24004787281050852      7.671099860574992
2.7958857954775573        1.2027902840148634       8.863752920338257E-17    1.4018569453078753       7.670095170435377
2.7987508813129           0.8207151384213618       1.4358079703184637E-16   1.0872030063547726       7.667707598905927
2.80373831775701          3.974705916937491        -1.5675857066672795E-16  0.04189022567169281      7.663551401869141
2.80373831775701          4                        0                        0                        7.663551401869173
2.803738317757011         0                        0                        0                        7.663551401869126
2.803738317757011         0.02556569158478706      -8.498920730308634E-17   0.04233715073039162      7.6635514018691655
2.803740427150331         3.94435301726248         -1.8656666544251463E-16  0.09145472677595488      7.663549644041412
2.803745548212883         0.05624452148653153      -1.4409688120354414E-16  0.0924227665620322       7.663545376489267
2.804402604739521         3.508588158715094        5.717825973764596E-17    0.7184007364102513       7.662997829383739
2.8114495925645047        3.8497959003357733       -1.2443198166815012E-16  0.24093963629206905      7.657125339529588
2.8117848066349445        3.6516874254435083       -2.2855784937742836E-17  0.5299702702632482       7.656845994470886
2.8157287158727646        0.09814654633655694      -3.77540826786396E-17    0.15956393366184748      7.653559403439375
2.8374158486021774        1.4330700071602271       -9.566372142286234E-17   1.532745993007791        7.635486792831528
2.839646729834879         0.6459219493593291       6.77655858572591E-17     0.9026969303221509       7.633627725137612
2.840837983038547         2.4001965056202446       1.155868986829884E-16    1.5999344820372288       7.632635014134551
2.8422077319863734        1.0498979522788552       1.2025561120185523E-17   1.2905442078817038       7.6314935566780315
2.843409585711639         3.0783830908059078       1.4046968853893476E-17   1.182120795609958        7.6304920119069735
2.843927568667744         2.790150352479924        5.540511264073254E-17    1.4065260085316056       7.630060359443554
2.8449900692260934        2.649788680268465        7.025374920377848E-17    1.4907394462479038       7.629174942311596
2.8451542921349557        0.2311973136171905       -1.728125847076302E-17   0.3630571069353987       7.629038089887547
2.8455467160657553        1.9589033671338258       1.707249358763498E-17    1.6659629444862776       7.62871106994521
2.851453864169583         1.8222790917054692       1.1024479644515877E-16   1.6535063661479044       7.623788446525354
2.855861101206263         3.3440651064163016       6.307424802933981E-17    0.9139537457142238       7.620115748994789
2.8680613581198493        3.7611075877611526       -8.43112521714186E-17    0.37437502680420603      7.609948868233467
2.8838876148070676        1.279948499699448        8.50072472651272E-17     1.4506357653812196       7.596760320994119
2.8844851709334485        1.6665870805842964       2.3474019572766202E-17   1.6203482604861252       7.596262357555468
2.885154584984368         0.45079639820608997      -4.0953217610253664E-18  0.6666534167453237       7.595704512513037
2.887813288374095         2.228243153102051        3.545627462382479E-18    1.6449604429425155       7.593488926354929
2.887961414972173         0.8969259780669901       1.874590234223157E-16    1.1596782092235565       7.5933654875232
2.898066351326187         0.31820539324358205      -2.447923066549024E-19   0.4881528752854275       7.584944707228187
2.90157090418423          3.901457223328872        -5.264783712275508E-17   0.16019184493769004      7.582024246513154
2.9064780735989832        0.14946962988226933      -2.8904330501589E-18     0.23980722886330633      7.577934938667524
2.9158878504672887        0                        0                        0                        7.570093457943928
2.9158878504672887        0.02553674035904595      -2.4171973473003442E-17  0.042289515136674324     7.570093457943913
2.91588785046729          3.974715850606681        -8.460430925856563E-18   0.041873878901138216     7.5700934579439325
2.91588785046729          4                        0                        0                        7.570093457943925
2.9158924228408227        3.944374871334698        -4.6132993092610235E-17  0.09141931655090646      7.570089647632647
2.9158960308299577        0.05618082878990109      1.9617417777080803E-17   0.09231959568170175      7.570086640975044
2.916617976546653         3.202928002643091        -9.57167461841412E-18    1.0637350918571273       7.569485019544461
2.9213203026999155        2.9283189996179013       9.485101413583338E-17    1.3075932645618418       7.565566414416743
2.9221398368402274        3.6734530836507657       6.962689558879628E-18    0.4998144903415599       7.564883469299818
2.9260662076804254        0.0979826951210393       -2.2731122320850132E-17  0.15930423830873955      7.56161149359965
2.927161240136846         1.511604252320472        1.0882044547144506E-16   1.567278997353566        7.560698966552638
2.927981600185835         3.5391407525222567       2.4533719680034446E-17   0.6796023933021759       7.560015333178478
2.9305333593579164        1.1266172236007408       1.461565269452381E-16    1.348834385787135        7.557888867201747
2.931065320555461         3.8400449417876152       -8.605383961192688E-18   0.25593108841742157      7.55744556620379
2.9316915944375257        0.7267351354539404       1.5771658348949395E-16   0.9911652436302109       7.556923671302068
2.941705470891042         2.6876481455423167       1.0703690687698776E-16   1.4696416783050896       7.548578774257473
2.9424862875272604        2.545523694510568        1.101933427194677E-16    1.5426682911364762       7.547928093727287
2.9444859077938674        1.8989831613232004       -3.9389810683915597E-17  1.6624148326265618       7.546261743505114
2.954819408958624         2.05504116789835         -1.5925219346800754E-17  1.6654043624318289       7.537650492534489
2.956477215594611         0.23054717116011708      2.4509029612305774E-17   0.36209861937939025      7.536268987004498
2.972238709860873         1.3576086236398666       9.5505517395799E-17      1.4947222164908902       7.5231344084492795
2.975881145358618         1.744199507872311        1.5495369513600269E-16   1.6394025450946812       7.5200990455344945
2.9762189952658327        0.5335412832964533       5.712127690733759E-17    0.7706245134184116       7.519817503945151
2.9768228364592026        0.9734868646510382       8.455872941786307E-17    1.227612826231686        7.519314302950673
2.97865360393885          3.7561223240909096       -2.6017924046900586E-17  0.38168099284564266      7.517788663384301
2.98600877640707          3.06396652017732         7.735664443289498E-17    1.194989684975736        7.511659352994115
2.9895703092835912        3.3549466890563546       -2.2052935409412903E-18  0.9017164457563432       7.508691408930349
2.9902417712993676        3.898781155322302        -7.220867003868319E-18   0.1644292184137097       7.50813185725053
3.0023237924862984        0.35296518766752283      4.7254254063267114E-17   0.5363651362353844       7.498063506261426
3.002343397700551         2.3745300306696033       1.3642189294104743E-16   1.6082196900527619       7.498047168582883
3.006594361180504         2.7990922672189913       5.88198185122805E-17     1.4006048118628394       7.494504699016254
3.017120647092854         1.5899179486900281       1.7404824750946461E-16   1.5965969629972536       7.485732794089294
3.018171349925349         0.14869944409128683      1.6100054798874854E-17   0.23861927153837081      7.484857208395552
3.0188133409359073        1.2039045235310706       1.4823749669992785E-16   1.4025966634773797       7.484322215886752
3.022322075086946         0.8202497433173995       1.2413446842611453E-16   1.0867455549405582       7.481398270760887
3.024217815321658         3.659207328436004        -1.7707722292141597E-17  0.5195962671934411       7.4798184872319595
3.0280373831775678        0                        0                        0                        7.476635514018695
3.0280373831775678        0.02550453949742881      8.668290446535128E-17    0.04223653185614134      7.476635514018693
3.0280373831775704        3.974742706730258        1.2340182761824708E-16   0.04182968425652309      7.476635514018693
3.0280373831775704        4                        0                        0                        7.476635514018699
3.0280439595230897        3.944433954806567        4.88306724303323E-18     0.0913235814147052       7.476630033730774
3.0280468438818007        0.05610998689434338      1.5029951582799078E-16   0.09220484039503754      7.476627630098507
3.039970939538559         0.09768303792696224      2.785548656635318E-17    0.15882923992050368      7.466690883717875
3.0409143531275356        3.834893458181522        -4.2937615001356914E-17  0.2638191654677728       7.4659047057270636
3.0452065863362           3.2011008545970245       4.663334481724969E-18    1.065565307119291        7.46232784471984
3.049664083326238         1.9446544255494183       6.013255893930767E-17    1.665390361411974        7.458613263894807
3.0561327714058013        2.210956106979632        9.009681902643481E-17    1.6481239670533336       7.453222690495174
3.061378953113873         1.4355049606789125       1.5193911116327325E-16   1.5338938960757862       7.448850872405117
3.0633890130336607        0.64464694501667         1.0164817633723255E-16   0.9012575401447315       7.4471758224719595
3.0654855040022553        1.0504186915091014       1.9836077596876627E-16   1.2909563910686312       7.4454287466648
3.0674336790755197        1.817890055886652        1.9448917944179537E-16   1.6528483201062654       7.443805267437072
3.0675723744260157        0.22693382669419632      5.699848873118954E-17    0.3567651437827976       7.443689687978327
3.067724578511306         2.654177613981922        1.1352329243791457E-16   1.4883548539020508       7.443562851240588
3.0713306080123317        3.5207132367575897       1.7596408636734068E-17   0.7030963548126065       7.440557826656396
3.0868671119337323        3.75514734354568         -2.0332023375807063E-17  0.38310741768522644      7.42761074005523
3.0987991786884916        2.9499052590997854       4.53739768461269E-17     1.2906999994727382       7.41766735109293
3.1064557140185656        3.9028976668621906       -2.1552123686817754E-17  0.1579085289376798       7.411286904984537
3.1069915569604           1.2811742793851042       1.1561378742758595E-16   1.4513706597426992       7.410840369199673
3.107672277376792         1.6676578125978323       2.251723016898149E-16    1.620645279363644        7.410273102186019
3.108672860534609         0.4480080643679168       8.858831421165693E-17    0.663050429888742        7.409439282887834
3.1092209575112237        3.0962409707609386       2.1892769376620006E-17   1.165939889177132        7.40898253540732
3.1116904832752112        0.8970368339904456       8.907973575556382E-17    1.1597801060109092       7.406924597270664
3.118813253098075         2.507451750333034        2.441265583865521E-16    1.5593719671183095       7.400988955751612
3.121939391563732         0.31610096813200594      3.0215459723162558E-18   0.48520168769751376      7.398383840363563
3.1274276366724845        3.336636499880315        -2.894908375955092E-17   0.9222511946615427       7.393810302772937
3.1306310507515045        0.14814442449760526      3.8588526248082177E-17   0.23776288645028942      7.391140791040421
3.130905679990681         2.0490388345554544       1.7875540015239906E-16   1.6656646636272687       7.3909119333411075
3.1381959811109637        3.652849685376755        -2.3480047083703632E-17  0.5283699656458175       7.3848366824075375
3.1401869158878495        0                        0                        0                        7.383177570093451
3.1401869158878495        0.025465947711663002     1.8543291993976015E-16   0.04217303181408284      7.383177570093457
3.140186915887851         3.9747743751586375       1.9959080668242084E-16   0.04177756967367175      7.383177570093452
3.140186915887851         4                        0                        0                        7.38317757009344
3.1401933449726123        3.944503625349003        2.5910825755676214E-16   0.09121068791857699      7.383172212522817
3.1401980074712528        0.05602508496565861      2.6285442981677385E-16   0.09206730404884379      7.38316832710729
3.151208702891438         1.5134623261919982       2.0574129666433825E-16   1.568033788318959        7.373992747590473
3.1516714928075666        1.9021679869871604       2.1915312126705187E-16   1.6626787071791078       7.373607089327034
3.1518705231488284        3.8370570285478145       1.1223169786078538E-17   0.26050894744294767      7.373441230709317
3.1539599272245553        1.1278373804429667       2.097473765985436E-16    1.3497218187697568       7.371700060646213
3.154285232606566         0.09747237846830037      6.039734553121174E-17    0.15849527054538914      7.371428972827869
3.155746958900677         0.7264619412453216       6.324904042154618E-17    0.9908753387097361       7.370210867582778
3.1660890676245224        2.784353232592096        4.4087867646719063E-17   1.410329169384305        7.361592443646239
3.168699549616451         2.3555356076226275       1.5931602309419813E-16   1.6139976798801714       7.3594170419862985
3.1825409797637096        0.2279090379607772       3.6935240143782555E-17   0.3582056759412093       7.347882516863581
3.189445466755332         3.193211693171876        1.7653676851120202E-17   1.0734357730324608       7.342128777703899
3.1937832393820256        3.770612718107941        2.7207263069547687E-17   0.3603877510310039       7.338513967181652
3.195620814991837         1.3590862152956669       1.4217680177168918E-16   1.4955123002399875       7.336982654173478
3.1970331939638843        1.7483508444507745       1.545089955314889E-16    1.6402802927130689       7.335805671696768
3.1997951982549826        0.532740456164577        6.638899278553654E-17    0.7696455962599448       7.333504001454188
3.2000877957814358        3.510331798190657        4.770912258585122E-17    0.7162074414059073       7.333260170182144
3.200757147208252         0.9745215043836207       6.433823264642363E-17    1.2284974395951542       7.332702377326467
3.2017911914831814        2.20084310119886         1.4299475218504954E-16   1.6498591869586783       7.331840673764023
3.226717000769134         3.049936398717864        6.899687084945914E-17    1.2073473161030688       7.311069166025729
3.2283657849471874        0.35172022772443035      6.200835315812307E-17    0.5346557467946654       7.309695179210685
3.2306076418148515        2.6339493127168496       1.3643275940923602E-16   1.4992117787107657       7.307826965154297
3.230990717765158         3.9030186146418426       4.460862735873643E-18    0.1577167301361008       7.307507735195711
3.242046626710155         1.2048141317961916       1.8316041601296147E-17   1.4031997645870662       7.298294477741547
3.2421903448049387        1.5923747735559426       1.2746653053086275E-16   1.5974340311526811       7.2981747126625605
3.2433744805219282        0.14833137845992644      -4.32737873246762E-18    0.23805138166828502      7.2971879328984
3.2437941094879186        1.9625753614773214       1.5443587755281123E-16   1.6660830818464376       7.2968382420934095
3.2468693918991574        0.8207684736294536       6.846293770952797E-17    1.0872554196724133       7.294275506750711
3.252336448598131         0                        0                        0                        7.2897196261682025
3.252336448598131         0.02541916617284261      -1.1036510597223581E-16  0.04209605445101997      7.289719626168227
3.252336448598131         3.974797903247291        -5.802246622930503E-17   0.041738850554209464     7.289719626168225
3.252336448598131         4                        0                        0                        7.289719626168218
3.252341156881114         3.9445553871440397       -5.060510950586172E-17   0.0911268109704556       7.289715702599073
3.2523489667812218        0.055922165580253744     -7.886878691118405E-17   0.09190057238242894      7.289709194348984
3.254089869714983         3.849682779359361        -3.486066041171012E-17   0.24111400655892878      7.28825844190419
3.25544479615391          3.6515029000329613       6.598052928619737E-17    0.5302242379927996       7.287129336538416
3.2576572477749504        3.337810275406177        2.4944675535028445E-17   0.9209431945906875       7.285285626854214
3.2637120234351267        2.9081845958544443       1.5445339116650975E-16   1.3230003082719592       7.2802399804707365
3.2645668613349077        0.0974264136482733       2.0152353776590258E-17   0.15842239521530363      7.279527615554255
3.2807063999314234        2.073749841663161        2.057087085917547E-16    1.6644004003561095       7.266078000057154
3.2845225370643987        2.308568574491807        1.0912919496826519E-16   1.626993931181707        7.262897885779677
3.284655333807348         1.8349008982081498       1.290449486700132E-16    1.6553092860781364       7.262787221827218
3.2850319455328703        1.4364628209833896       1.32189735405201E-16     1.5343441032775014       7.262473378722613
3.2886585859441118        0.6447261839814632       7.163362475941181E-17    0.9013470348393976       7.2594511783799165
3.289568535745758         1.0528452743594534       8.846236021363416E-17    1.2928741357069933       7.258692886878543
3.293649694501902         0.22960823851584097      1.2559612681637562E-17   0.3607137545287571       7.255291921248422
3.2983972433458413        2.4607613506229624       2.32925613662412E-16     1.5782079074050444       7.251335630545143
3.310485578660051         3.7604325802008387       6.491595278860834E-17    0.37536547106975743      7.2412620177832965
3.319613250009328         3.176456256565145        7.242844628525346E-17    1.089979448495303        7.2336556249922355
3.329358192491977         1.283275947847736        3.4455933102720585E-17   1.452627763777684        7.225534839590032
3.3310297771398902        2.7618066062133897       1.5799223001894957E-16   1.4248544561373502       7.224141852383432
3.334270417384489         0.44864945138100026      2.8635288285121716E-17   0.6638797813748037       7.221441318846267
3.3361671772517836        1.6764739282498118       1.0602557631106177E-16   1.6230545337074567       7.219860685623519
3.336516957745984         0.8991344965150248       4.1011827600463714E-17   1.1617063096819893       7.2195692018783575
3.3428330043917094        2.1962330521637257       5.286740489271288E-17    1.6506219121827137       7.2143058296735845
3.3455380139754722        3.9038830604261143       -3.548789514874048E-17   0.15634553842603868      7.21205165502045
3.3455619181860916        0.3171845530830251       3.81841718561951E-17     0.4867217381740095       7.212031734844929
3.355486314514814         0.14823757859598022      -2.7108914412359158E-17  0.2379066394483007       7.203761404570993
3.3590940247584173        3.519670557984254        1.2470796732649394E-16   0.7044172479982612       7.200754979367994
3.3644859813084125        3.974810938856505        -6.120827137103616E-17   0.04171739823861998      7.196261682242992
3.3644859813084125        4                        0                        0                        7.196261682242995
3.364485981308413         0                        0                        0                        7.196261682242996
3.364485981308413         0.025367987911072427     -4.3190726893018776E-16  0.04201184034734729      7.196261682242993
3.3644888362599374        3.944584065484311        -5.6770992742808E-17     0.0910803384435451       7.196259303116724
3.364499301005226         0.05580957340435934      -4.22671026184101E-16    0.09171816047244208      7.1962505824956455
3.3682457115506175        3.670704716414165        1.0897965739271641E-16   0.503644062729777        7.193128573707826
3.369496180796729         3.0267551060412714       5.800557003940385E-17    1.2274058134242416       7.192086516002733
3.369750957943691         3.8526113618273192       6.323574066848922E-17    0.2365963091784691       7.191874201713596
3.371031640902577         1.9530192459726823       7.705188264853777E-17    1.6657470036462616       7.190806965914527
3.3750737878140065        0.09720862778916697      -1.3860287831387704E-16  0.15807708076667296      7.1874385101549985
3.3769531300553055        1.5119127773526726       1.6709149114493216E-18   1.5674045262868423       7.185872391620591
3.3781830970558104        1.1323272578022034       9.477934865804077E-17    1.3529766718528995       7.184847419120167
3.381383890134391         0.7274838434483559       -1.679743562915359E-17   0.9919594297145972       7.182180091554682
3.395139779589653         2.0850912998613333       3.536035869885782E-17    1.6636497794532965       7.170716850341958
3.399116923614816         2.61563054288944         1.680637089623563E-16    1.5087495977756902       7.167402563654329
3.4055526291722518        0.22860806162691627      4.8787750530268706E-17   0.35923775027785393      7.162039475689798
3.4084164716324845        3.3099130506964354       8.615375619899024E-17    0.9517199165063165       7.1596529403062705
3.4110143318301303        2.331394675907044        4.530742327039102E-17    1.620907320325195        7.1574880568082335
3.4170063382423836        1.3594108155650078       6.248618648998643E-18    1.495685623660381        7.152494718131353
3.4261248302111444        0.9793370197098156       4.6148794744662775E-17   1.2326029502771503       7.1448959748240535
3.426277179483267         0.5319281176421605       1.1239803555608971E-17   0.7686520617626296       7.144769017097286
3.426691297537628         2.8865110816615336       1.1734650451180508E-16   1.3392075425380419       7.144423918718652
3.4294098559960973        3.7780212619256797       6.482502565255662E-17    0.34943349672508917      7.142158453336594
3.4361177991614777        1.7805515520108344       7.096871255628526E-17    1.6466009911146458       7.136568500698776
3.452493013323798         0.3503682214715096       5.2977750953946244E-17   0.5327979146953875       7.122922488896841
3.458543845691717         3.9038532120241194       2.3988291891094647E-17   0.15639289461060138      7.117880128590243
3.463179817900541         3.138762951641562        1.3761735449361984E-16   1.1263412249869165       7.114016818416224
3.4669244108184483        1.2128572461788436       -1.7866840962829273E-17  1.4085026187945202       7.1108963243179675
3.4676099479166163        0.14704231576605575      -1.5478016050181897E-17  0.2360615918493245       7.110325043402825
3.4729450025950075        0.8244898789841515       -6.202015954292209E-17   1.0909066480788778       7.1058791645041675
3.4760064663821644        2.4727989903999315       2.1774135401512946E-16   1.5735254644486705       7.103327944681538
3.4766355140186893        0                        0                        0                        7.1028037383177685
3.4766355140186893        0.02531613885618767      3.8741181470804274E-17   0.04192652022423534      7.102803738317764
3.476635514018692         3.974817856094922        -2.394137160288967E-16   0.041706014686939935     7.102803738317748
3.476635514018692         4                        0                        0                        7.102803738317763
3.476637035749367         3.944599283408828        -2.1222432312974669E-16  0.09105567790244659      7.10280247020887
3.4766493065530484        0.05569550548361287      1.731066274743994E-16    0.0915333469180735       7.102792244539134
3.4819123426118668        3.8545077519776108       5.865313163498122E-17    0.23366708243956194      7.098406381156785
3.4838237864514716        2.177750819860149        -7.314698163739548E-18   1.653501935849603        7.096813511290448
3.4867943021846104        3.643896281927092        8.417674471544043E-17    0.5406687559442845       7.094338081512832
3.4890770866264544        0.09670595551245034      -7.523826413324084E-18   0.15727990842426062      7.092435761144621
3.4951376254492947        1.5946804523512494       4.1028184832577565E-17   1.5982150267890898       7.087385312125597
3.495674215117714         2.749161120353911        4.664475779966948E-17    1.4328156732291986       7.086938154068579
3.497507449573917         2.025467454497521        4.5722139999664275E-17   1.6663964203172583       7.085410458688412
3.505246957350388         1.4328547148075066       2.26132073066957E-17     1.5326442606183035       7.078960868874684
3.508448438896714         3.444482739838614        5.971227514085464E-17    0.7972790059618048       7.076292967586078
3.5147435206614626        0.6464921444617018       1.1956364715376687E-17   0.903340202081716        7.071047066115455
3.5160276914015647        1.0620511548392384       -5.1339198966384505E-17  1.3001049849423316       7.069976923832037
3.517063695128623         3.0006793518070816       5.851581627576546E-17    1.2494336811945674       7.069113587392823
3.5183123539290837        0.2230638464799486       -5.50540229158079E-18    0.3510407942972353       7.068073038392439
3.5338459463238685        1.887321472006093        2.954362104423236E-17    1.6613764788871375       7.055128378063448
3.542286463535427         3.7726698625112554       3.6640460977003694E-17   0.3573506493934697       7.048094613720486
3.5557254432454566        1.293656042085562        1.4559950800542178E-18   1.4587825887990709       7.036895463962126
3.5576457042958123        2.3350596705554856       1.7270483116157976E-17   1.6198895904863553       7.035295246420167
3.5606142099819404        0.44582039507523585      5.805508833236471E-19    0.6602190648482936       7.032821491681723
3.5618054492564233        3.2448273187127765       -3.526544459633268E-17   1.0210020610776507       7.031828792286322
3.56299948211277          2.614800022350837        1.9038612630718027E-17   1.509175388548922        7.030833764906035
3.56412857645396          0.9076415562279597       -6.660910944303066E-17   1.16948042929997         7.029892852955043
3.575033105453097         0.3114732194061873       1.6447678079790918E-17   0.4786988796739561       7.020805745455759
3.575043358912756         3.9038837923164613       -8.399741886211035E-17   0.15634437723112068      7.020797200906046
3.5803930953919756        0.14595212658690482      2.1620902224085278E-17   0.23437770128849136      7.016339087173358
3.5819996764802724        2.8732519085114054       5.0808723156092135E-17   1.3489296267838293       7.015000269599781
3.5872326710847204        2.1033963157461497       1.4058658052115762E-17   1.6622121674542192       7.0106394407627395
3.588785046728971         0                        0                        0                        7.009345794392524
3.588785046728971         0.025260801593999384     -2.0033389836964863E-16  0.04183545761617771      7.009345794392527
3.5887850467289732        3.97482260379455         -4.0323445736686604E-17  0.04169820147588079      7.009345794392549
3.5887850467289732        4                        0                        0                        7.009345794392559
3.58878528390003          3.9446097283480097       -1.432992699461101E-16   0.09103875183928335      7.009345596749995
3.588798869709241         0.05557376350679864      -8.264755117456453E-17   0.09133608784870206      7.0093342752423045
3.595458629100769         3.8542317865453923       -2.6412365032590503E-17  0.23409353406861785      7.003784475749371
3.5959450995680338        1.7369473661725452       8.124841327571571E-17    1.6378347132651843       7.003379083693311
3.602870870697468         3.6822944260489203       1.4935303133955023E-17   0.48745227670197266      6.997607607752116
3.6034292616415033        0.0962784660716546       9.647741099708984E-17    0.15660180052396147      6.99714228196543
3.605285340102769         1.4942666298143075       -3.2741943721938355E-18  1.5600973992835936       6.995595549914368
3.6062269807739997        1.1478417444945355       -4.038578865983046E-17   1.3640942948224524       6.994810849355006
3.609447054174452         0.7339253360274589       4.216846489217263E-17    0.9987728938528412       6.992127454854631
3.6106096741573768        3.548282945647798        -1.0595815319411163E-17  0.6678416334234081       6.99115860486886
3.615779493703155         3.100434021483851        3.057431257599115E-17    1.1621020684837005       6.986850421914043
3.6310902631285753        2.2115671492981264       -3.569244309161506E-17   1.6480163922241113       6.974091447392863
3.6336642018922114        0.2237945482006092       1.4179681342986445E-17   0.35212258041588435      6.971946498423164
3.635523922966696         2.476915911669565        4.1744262742006925E-17   1.5718963388318292       6.970396730861096
3.6377702536764014        2.979543744833518        2.351147242804415E-17    1.266872521648971        6.968524788603007
3.6430931191432308        1.3716942344802459       -6.503933269181762E-17   1.5021799437560996       6.964089067380648
3.646900559734107         1.9987699113752642       -6.318340194891335E-17   1.6666660362008245       6.960916200221584
3.6511109960334887        3.360394385260303        3.650348053544527E-17    0.8955529652301014       6.9574075033054354
3.6515283244707697        2.7544390737885025       -2.0990246194723027E-17  1.4295090349754789       6.9570597296077
3.6536936225839027        0.5349223405476659       -2.4788979577819584E-17  0.7723114382390297       6.955255314513422
3.6559459584197582        0.9955790139136244       -1.0604231429134389E-16  1.2463077011288648       6.953378367983542
3.657277516178792         3.777616517712638        -5.685526996226883E-17   0.3500331316479977       6.952268736517683
3.6580517511175845        1.5997598347386541       -2.2299085966942118E-17  1.5999199208798227       6.951623540735355
3.673501907973095         2.1102930005582623       -3.2210034624694916E-17  1.661598105844941        6.938748410022425
3.6796915490802196        0.35043903702038437      2.5407021500435995E-17   0.5328952622557351       6.933590375766491
3.6892065495265314        3.903760417508785        3.4894577356436344E-17   0.15654011363615694      6.9256612087279
3.6930250333331505        0.14554620158942155      6.927123770690523E-18    0.23375046231690755      6.922479138889048
3.6949842032604927        3.1944939223051074       -8.608560984020621E-17   1.0721601123234008       6.920846497282928
3.696183987990622         1.237427888868963        -1.6838022645828395E-16  1.424368239718815        6.9198466766744895
3.6973187347780936        1.8490363662218046       1.5816441692869942E-17   1.6571708255318693       6.918901054351594
3.7009332457261666        3.9446064807320296       1.2905340444616055E-16   0.09104401462291249      6.91588896189486
3.700934579439253         3.974821127605468        2.0397555332345334E-16   0.04170063081794473      6.915887850467266
3.700934579439253         4                        0                        0                        6.915887850467257
3.700934579439254         0                        0                        0                        6.915887850467261
3.700934579439254         0.025203461171765775     -3.3071853549222666E-17  0.041741095930010866     6.915887850467267
3.7009467050139713        0.055447614577884705     5.4569536048408687E-17   0.0911316751454838       6.915877745821698
3.7042642875955814        0.8383290688646685       -4.107965779267938E-17   1.1043836032313223       6.913113093670354
3.707927867020704         3.853892958628954        -5.755870777684237E-17   0.23461704081082643      6.910060110816089
3.7099777106654677        2.3367564624142267       -2.933216718973386E-17   1.6194146187592742       6.9083519077787825
3.7138326323122417        0.09603268367850364      -8.47876664655578E-17    0.15621185765813306      6.905139473073128
3.7173958552166564        3.649156082512977        -3.535455551848716E-17   0.5334517564626883       6.902170120652796
3.7201470401244623        2.6198544950036733       3.6221118863188174E-17   1.5065751687598936       6.8998774665629545
3.7248972474533475        1.4723439126938807       -8.863109394184336E-17   1.5506579389703334       6.895918960455549
3.732053427907535         2.8895808071495814       1.215591949318417E-16    1.3369358281462924       6.8899554767437285
3.735001541676263         3.4689859540459307       2.6293317416615404E-17   0.7675334445065699       6.887498715269788
3.743721159561367         0.2227321646238658       -1.1761470733361361E-17  0.35054960055726286      6.8802323670322
3.7471308152026377        0.6571513259005428       -8.208864861353057E-17   0.9153155993622212       6.877390987331142
3.748116592610968         1.089378970434484        -1.540746025107653E-16   1.3211538918804342       6.876569506157531
3.7520908869202128        2.0620632335620184       -8.889411309955325E-17   1.6650617312665958       6.873257594233164
3.753752072648444         3.325184710812508        1.5084076231934022E-18   0.9349522842619878       6.87187327279297
3.7551987405778804        1.7103345197066333       5.972282605890983E-17    1.631705795636007        6.870667716185104
3.767431257076469         3.77224975382062         -3.8762345858524845E-17  0.3579711708678133       6.860473952436284
3.7773975201693855        2.185566161690916        -5.4867323536679506E-17  1.6523188331813772       6.852168733192188
3.784693727917293         1.3345595207911203       -3.3794165509243924E-17  1.4821620702626086       6.8460885600689325
3.786806321484842         1.9538115370350013       -9.822050348694954E-17   1.6657777607870556       6.844328065429303
3.787973839912051         3.062499721720391        1.6673439485399908E-17   1.1962893088933726       6.843355133406632
3.7909037432819765        2.480507227570334        -9.922783600166589E-18   1.5704636684386146       6.8409135472650275
3.7926721954245295        0.45129787917569997      -1.3693540601583954E-17  0.6673007253976319       6.83943983714623
3.7985022681751874        0.31703201207683906      -4.413037406912615E-17   0.48650781317744507      6.834581443187349
3.798566363482614         0.9335691196415653       -1.643568984826453E-16   1.1928021572574732       6.834528030431161
3.7995971915350495        3.903413646256275        -3.735670233509861E-17   0.15709020468557985      6.83366900705414
3.800125700500778         3.2134422705850296       1.668056111375198E-17    1.0531491066489373       6.833228582916027
3.8043752147489833        2.761225682964727        2.87536358488509E-17     1.4252231081645366       6.829687321042521
3.8059149876190914        0.1457140526314422       -3.401079718202509E-17   0.23400984391312088      6.828404176984094
3.8130824462946937        3.9445777455066042       2.6347520099765273E-16   0.09109057986685509      6.822431294754425
3.813084112149532         0                        0                        0                        6.822429906542071
3.813084112149532         0.025161410835883698     -2.654928866600659E-18   0.04167189447845115      6.822429906542062
3.813084112149534         3.9748080661393654       2.918668108544142E-16    0.04172212579620853      6.822429906542077
3.813084112149534         4                        0                        0                        6.822429906542091
3.8130930055542325        0.055355103838944125     8.506088673696126E-17    0.09098176159781499      6.822422495371479
3.8137327887120502        1.5747335625768601       -2.3872342342544008E-18  1.5913118571672642       6.821889342739968
3.8193678694190045        3.8528428384997997       -2.7510727452519393E-17  0.2362389232583357       6.817193442150837
3.824628570270737         3.683599038078228        -4.352949849705902E-17   0.4856226162425273       6.8128095247743925
3.824973250770779         0.09602631821940394      5.0324724349822484E-17   0.15620175795285063      6.812522291024364
3.831162195495431         3.5485061833621416       -1.4913411261681086E-17  0.6675535833705061       6.807364837087147
3.839996785280244         1.1901229897036656       -5.019602075792512E-17   1.3933746784139471       6.800002678933136
3.84637366425335          0.7563799770410703       -2.952489700975345E-17   1.0222538493731805       6.794688613122216
3.8526415564752092        3.356277579785224        -2.004749018314475E-17   0.900212969404974        6.789465369604002
3.8529116987712415        1.8182689107544485       6.458734823045326E-18    1.6529057546673458       6.7892402510239735
3.8592878402811053        0.2270708111697504       -6.350062125408309E-17   0.356967538080714        6.783926799765751
3.861523480357861         2.335663167460756        -6.30025111345109E-17    1.6197209325042563       6.782063766368455
3.872983719986067         1.4396971066456585       -6.957503826549749E-17   1.5358586115411488       6.772513566678282
3.874550272030074         2.6243800034598643       4.394901455972653E-17    1.5042290046997762       6.771208106641612
3.8761597729073034        2.067495416656614        -1.9220963636681222E-16  1.6647684869709807       6.76986685591059
3.8780018411586705        3.771703369491181        4.9013107088534844E-17   0.3587779877223322       6.768331799034448
3.883024162271828         2.9053114445829165       -1.497488617345157E-17   1.3251713284613313       6.764146531440153
3.8930417711756826        0.5498790771648326       3.0274176904461696E-17   0.7904788788148683       6.755798524020271
3.8931565352457516        1.037448741938422        -1.6051289223689755E-16  1.2806229481683646       6.755702887295215
3.9078783486679907        1.6800714341337077       5.7819076667125E-17      1.6240190469761424       6.743434709443346
3.909511315951315         3.903309408843429        5.102399427326144E-17    0.1572555392533654       6.742073903373906
3.9109444394678445        3.1841323735177416       8.016230745893205E-18    1.0824293841613508       6.740879633776802
3.9148831349165354        0.3555311477964005       7.613675601043644E-18    0.5398842475550737       6.737597387569559
3.919789755879588         0.14517989069302373      -5.1209995580822525E-18  0.23318431754602373      6.733508536767014
3.925233644859812         0                        0                        0                        6.728971962616838
3.925233644859812         0.02514038169908648      -2.6424943714909426E-16  0.04163728666848767      6.728971962616839
3.925233644859814         3.9747958948179605       -3.2127236994376064E-16  0.0417421557542209       6.728971962616808
3.925233644859814         4                        0                        0                        6.728971962616822
3.9252349714439454        3.944550968599513        -2.9374008225387446E-16  0.09113397104945682      6.728970857130049
3.9252408232561677        0.05530883973799025      -3.4898649318810174E-16  0.09090678799949949      6.7289659806198525
3.9307559118291           3.8529026222370435       1.3317300811729547E-16   0.23614661354462022      6.724370073475754
3.930892185839149         1.2989136764135758       -4.8658907821207623E-17  1.4618658195333645       6.724256511800715
3.934098000504723         3.4903512101418674       3.6359535790223315E-17   0.7411888626786135       6.721584999579406
3.93703450003646          3.6505606662150565       -4.329320865255228E-17   0.5315206196432124       6.71913791663629
3.9413647700185788        0.09577230718871983      -1.4337952847089498E-16  0.15579870580442876      6.715529358317855
3.9413748522286154        2.1989380311572226       -1.5427971203492986E-16  1.6501765248997045       6.715520956476162
3.944005623966225         2.4845746345084185       -9.63359135426174E-17    1.5688280931629315       6.713328646694818
3.944109163723097         0.8764131880109652       -1.6847743788757702E-17  1.1406469483017998       6.713242363564089
3.956487007259696         2.770347228405924        -7.826895232661352E-17   1.419402144869714        6.7029274939502566
3.9584623372904493        1.9358970410020093       -1.2633110837936721E-17  1.6649545044365441       6.701281385591301
3.9633362441767144        1.5478537589921357       1.1376735741480004E-17   1.5814849069760257       6.697219796519412
3.9651914645297537        3.0513826088548157       -2.0310930671399735E-17  1.2060810874156849       6.695673779558546
3.9729113486391583        0.22133894646353736      2.3139958054858063E-17   0.3484853569302339       6.6892405428007065
3.984275585064578         3.344974558436868        -3.063027691976747E-17   0.912934765482314        6.6797703457795246
3.9875293438264277        1.149376450093213        -1.1008434024790922E-16  1.365183156809991        6.67705888014465
3.9887970703222315        3.774155139153236        2.77344150291652E-17     0.35515564259006766      6.676002441398146
3.993044563122757         0.6880279871604007       6.15805090993267E-17     0.949470598969005        6.672462864064374
4.01259045276082          2.3426790775942674       -1.0706727116198427E-16  1.6177379374079772       6.656174622699325
4.0154660577534           1.7982408767387892       -4.995046344689195E-17   1.6497055234086966       6.6537782852055045
4.020308796881326         1.4123350744430854       -1.4511002720423068E-16  1.5227708063625787       6.649742669265571
4.023440263967351         3.9033137608769946       1.0535732614712749E-16   0.1572486365234463       6.647133113360545
4.031205170431889         2.6286787151058664       -8.231342135649188E-18   1.5019846138220168       6.640662357973434
4.033399144685379         0.14529361138259309      4.4137599811062915E-17   0.23336008834240696      6.638834046095522
4.034490085813373         2.917946102749005        2.2448462642475745E-17   1.3155728968532985       6.637924928488864
4.035933433202327         2.065851336842259        -1.0566346865896287E-16  1.6648598339317047       6.636722138998066
4.037383177570092         0                        0                        0                        6.635514018691603
4.037383177570092         0.02511786073811384      3.3236833288761437E-16   0.041600223343498284     6.6355140186915715
4.037383177570094         3.974810809419149        -3.4053435562716964E-17  0.04171761125053547      6.635514018691577
4.037383177570094         4                        0                        0                        6.635514018691563
4.037389404832887         3.9445837807221285       5.754234111447315E-17    0.09108079989684735      6.635508829305927
4.03739179423603          0.055259293623850445     3.843744674049368E-16    0.09082649373483113      6.635506838136652
4.039559520581075         0.33327268148550704      2.366173336277648E-17    0.5091750190489536       6.633700399515777
4.041549418546549         0.9927784411386451       -4.0570023908454534E-17  1.2439603047353769       6.632042151211215
4.04231868317041          0.4749391191492496       8.294082834108208E-17    0.6975788790411394       6.631401097357996
4.042479800219892         3.8527616081057316       -3.730647859927228E-18   0.23636434313727647      6.631266833150094
4.050066774994471         3.1922558552398677       -2.827995321214894E-17   1.0743858231859387       6.624944354171284
4.052020506050469         3.664269964408722        -7.582049917412767E-17   0.5125856189862463       6.62331624495795
4.054153646718263         3.5261832183923754       -6.32904033538543E-17    0.6961519932906218       6.621538627734788
4.054819668978208         0.09524919876569791      8.272196930221545E-17    0.15496849383220182      6.62098360918483
4.057221043571957         1.654926802712244        -2.833825791329014E-17   1.6170518702140038       6.618982463690043
4.079750679082852         1.2691500649301068       -2.0929640950600396E-17  1.44410765517014         6.60020776743096
4.09063242056783          0.8297618446249987       6.807418091647333E-17    1.0960594415435485       6.591139649526814
4.0944078581868295        2.489988514454911        7.47641210915341E-17     1.566629689875947        6.587993451510983
4.096450935733851         0.22412245272284687      1.7109824389223103E-17   0.35260789044870133      6.586290886888464
4.101470319087506         2.204296590301616        -3.6016948240454427E-17  1.6492762096629738       6.582108067427085
4.103421444622058         3.7729471398033683       -1.0430725734556974E-16  0.35694101644294         6.580482129481626
4.107985785100756         1.5261859668997875       -4.497555825445809E-17   1.5731251091822143       6.5766785124160405
4.111296781107378         3.0611001294119067       -4.751837252649891E-17   1.197527714734182        6.573919349077191
4.11157820723712          2.784584243363316        -1.0213859068743224E-16  1.4101781521108399       6.573684827302408
4.12427301628833          3.3520839006722585       -1.2867597318547362E-18  0.904945468976205        6.563105819759731
4.136977282402959         3.902974386101392        -1.9383941285176525E-16  0.15778686910084583      6.552518931330881
4.139612429788297         1.1164695746820932       -4.568387059243502E-17   1.341405828140651        6.550322975176427
4.140195555984183         0.6537393850108383       1.1398820968996073E-16   0.9114926485537523       6.549837036679853
4.141889642632082         1.9202999888426286       -2.0006917885966036E-16  1.664019961758966        6.548425297806604
4.145504452495175         0.3490689629802441       4.0301829120889814E-17   0.5310111295853641       6.545412956254026
4.1459455414908835        0.14934080304271227      -1.152673869737316E-17   0.23960855696558633      6.545045382090934
4.148023631327869         3.656462821641883        -6.982433363460182E-17   0.5233878835492553       6.5433136405601156
4.149532710280372         0                        0                        0                        6.542056074766344
4.149532710280372         0.025076287178389292     1.639960846093815E-16    0.041531803556210056     6.542056074766363
4.149532710280375         3.9748552304635694       -2.250727359361938E-16   0.041644507796117516     6.542056074766378
4.149532710280375         4                        0                        0                        6.542056074766364
4.149540671424907         3.9446815070198524       -3.120342472904665E-16   0.09092243177291488      6.542049440479249
4.149543395196068         0.05516783179245644      1.69075425268707E-16     0.09067826562714373      6.542047170669946
4.151405674663699         1.757518205133381        -5.379189095582124E-17   1.6421677413159446       6.5404952711135875
4.1527481250739475        3.8513119829940456       -1.6421014499686204E-16  0.2386016423427728       6.539376562438384
4.154722878178465         2.346898705166495        4.98314820401483E-17     1.6165255368140887       6.537730934851285
4.165148514370872         0.0961628592480781       9.947091019957805E-18    0.1564183922889779       6.529042904690946
4.166816090947122         1.394674721623938        -9.62222451110085E-17    1.5139922113995607       6.527653257544071
4.185392298084134         2.938663669242786        -6.510692800670182E-17   1.29954604835153         6.512173084929896
4.18677814156889          3.1971242136492743       3.1811819949792262E-18   1.0695390071227535       6.5110182153592655
4.194511341120218         0.9564909604632749       -9.301124301544284E-18   1.2129537018354766       6.504573882399824
4.196243675068015         2.0681809530934614       -1.844129576920291E-17   1.6647297323480295       6.5031302707766585
4.196586200992455         1.6335464785907439       -1.0250796309057307E-16  1.6107132569361495       6.5028448325062955
4.197105784008679         3.5195286383264395       -7.191100387285648E-17   0.7045969655440825       6.502411846659441
4.200040624604421         0.4856228298507965       7.04473431787001E-17     0.7111090777212049       6.499966146162989
4.205249058002505         0.23372644243133386      -2.8849805264121454E-18  0.3667823832640535       6.495625784997919
4.206900420229565         2.6177970652359783       -1.0304977848851996E-16  1.5076361609107565       6.494249649808702
4.20896785443626          3.7572669092587963       -1.3333135992713895E-16  0.3800054206766826       6.492526787969793
4.219746446465171         2.4660970982596426       3.6453958818088337E-17   1.5761472895808102       6.483544627945699
4.229377157846626         0.8078196565929188       1.4280441718731377E-17   1.07446084533074         6.4755190351278165
4.232693373925591         1.2530581734902693       -6.75482015256008E-17    1.4341991282542959       6.472755521728678
4.2436463340349615        1.5137789650365774       -8.84655593803503E-17    1.5681621271496258       6.46362805497087
4.245532178151901         3.906066470715704        -4.68750267420955E-17    0.15287942050557543      6.4620565182067535
4.245861921653653         3.069228326735691        -9.033410081392469E-17   1.190312827210832        6.461781731955298
4.256899352533172         1.8317973768296563       -1.3009330388045112E-16  1.6548782823160912       6.452583872889025
4.257427893394058         3.344550845380187        -3.5009608118657587E-17  0.9134095934114274       6.452143422171628
4.260725703219971         0.14814138008922734      3.866580156553886E-17    0.23775818827590364      6.449395247316695
4.261098719128846         3.6534819005056067       -8.395272653230623E-17   0.5274990019584865       6.449084400725966
4.261682242990654         0                        0                        0                        6.448598130841128
4.261682242990654         0.02502516371523575      -2.2571186119296687E-16  0.04144766501748699      6.448598130841104
4.261682242990656         3.9748951246247928       -6.190986019541992E-17   0.04157885280550967      6.448598130841117
4.261682242990656         4                        0                        0                        6.448598130841129
4.261685689752683         3.9447692741745444       -1.4756494016360835E-16  0.09078019592775642      6.4485952585394255
4.261692268085724         0.05505536017351864      -7.384869105835359E-17   0.09049597833759941      6.448589776595233
4.26293300622321          0.34728915530838295      7.349984220250907E-17    0.5285611932661344       6.447555828147331
4.271190621846179         2.214909070425898        -4.051538421421935E-17   1.647422538103616        6.440674481794859
4.272902774558147         3.8408608772969437       -8.978258297145698E-17   0.2546796793489696       6.4392476878682166
4.275382254384147         0.0964250354862924       3.1677455879514064E-17   0.15683431436526538      6.4371814546798864
4.282786241781486         0.646893790297437        8.265937082744466E-17    0.9037931605268188       6.4310114651821
4.292360295701842         1.7222518660538013       -6.628706779873754E-17   1.6345233225372533       6.423033086915141
4.298544298096077         1.9493317573465434       -3.8802431328445274E-17  1.6655969704943392       6.41787975158661
4.29899709343813          1.0954104541826928       -3.198449331530742E-17   1.3257157306658502       6.417502422134896
4.300421671845559         1.6107324905145268       -2.3817359903723997E-17  1.6035295025245753       6.416315273462038
4.30168846130738          2.3714718603592315       5.896871546907735E-17    1.609170273733856        6.415259615577191
4.302359185374794         2.8179986229390313       3.355493861465982E-17    1.3878659386957715       6.414700678854344
4.309198011462578         2.980024305051581        4.306116710483178E-17    1.2664801506284034       6.409001657114523
4.31561243190669          3.76853673331093         2.2708980129407318E-18   0.3634490928874607       6.4036563067444305
4.316475033469475         1.3942856558779504       -1.9168415343601914E-17  1.5137958888853327       6.402937472108776
4.316697822925696         0.2314113556032924       1.1650560430518994E-17   0.3633725862129236       6.4027518142285915
4.325525911136936         3.198826500690451        -1.1779739899576185E-17  1.0678395921842878       6.395395074052558
4.328650797497316         2.074418480843435        -6.977614469967346E-17   1.6643591207120665       6.392791002085573
4.330570532646357         3.5198063244703923       7.77435127978178E-18     0.7042453067082491       6.391191222794707
4.3326311024805495        0.47953845899205566      6.481785518322696E-17    0.7034152926315619       6.389474081266215
4.3340833186088625        3.89865498750961         -3.634343923350714E-17   0.16462884933536762      6.388263901159287
4.336884820681912         2.512233044285175        3.0327457380878903E-18   1.5573405451426439       6.38592931609841
4.352007575582581         0.7683254772353127       1.318830111649776E-16    1.0345741124884924       6.373327020347853
4.364992144395744         0.9156981113491429       -7.588620491859883E-17   1.1767872559450778       6.362506546336883
4.371230461504883         0.14592299338402515      -2.0088661739542963E-17  0.23433268897414442      6.357307948745935
4.3723433514433285        3.660165044539457        4.821078388004722E-17    0.5182716770372097       6.3563805404638964
4.373776529760775         1.5318030968100245       3.2247600358554064E-17   1.5753298582680502       6.355186225199366
4.3738264717331905        3.944773790218015        4.589960117719133E-18    0.09077287703377328      6.355144606888997
4.373831775700934         0                        0                        0                        6.355140186915907
4.373831775700934         0.02498606197444401      -2.9801056058246307E-16  0.04138331025199397      6.3551401869159205
4.3738317757009355        3.974897177371825        2.065326039969354E-17    0.04157547450366553      6.355140186915874
4.3738317757009355        4                        0                        0                        6.355140186915899
4.373837706698719         0.05496933634377682      -2.9680675062406054E-16  0.09035654893209681      6.355135244417729
4.37754570316927          0.3376338692298392       1.68794856157764E-17     0.5152245196951021       6.352045247358947
4.38220372691515          3.839295072075099        9.911222398885687E-17    0.2570806824334402       6.348163560904044
4.382733158421213         3.073425315153629        8.176101622521649E-17    1.1865658719947232       6.347722367982331
4.38329427288079          2.656467297749315        3.1991633695788325E-17   1.4871044529107147       6.34725477259935
4.388952199131738         0.09570030984302388      -1.663087803532724E-16   0.15568445419501867      6.342539834056886
4.3939870366774345        2.2852830213081923       4.881609732970942E-17    1.6327556657305302       6.338344136102142
4.3944560159970605        1.2491493974465355       -6.0659559729940385E-18  1.4317597386021264       6.3379533200024545
4.40000991821817          3.3580366077717176       1.2810649125134884E-16   0.8982235716466199       6.333325068151532
4.402515167339046         1.6612846676965847       -1.1015873570681496E-16  1.6188633015260796       6.3312373605508006
4.402859918964422         1.8228440332838662       -9.068886523867945E-17   1.6535899014403657       6.330950067529655
4.413538072224435         0.6344849454145157       2.172916466715592E-17    0.8897369315418349       6.322051606479643
4.422515111981067         0.2191342619770446       -1.7679505828945813E-18  0.3452155096399812       6.314570740015783
4.424105751202242         2.1598623741489473       -9.479894182404448E-17   1.6560183422214438       6.313245207331476
4.424587037816049         3.778106616960078        1.0532219895123251E-16   0.3493070244678281       6.312844135153298
4.427887216368758         2.9321155907252754       1.0211281356940506E-16   1.3046502189695308       6.310093986359376
4.45401409465114          2.550554413957736        3.244539636921185E-17    1.5403707655298569       6.28832158779072
4.454763494377928         3.900831939553103        1.9469401080073455E-16   0.16118247398949534      6.287697088018393
4.455685346226176         2.4110146648773956       1.1754795550346982E-16   1.5962778938565523       6.286928878144857
4.4618653169677085        1.9948593958013217       -1.5833166832188447E-16  1.6666556559118653       6.2817789025269155
4.467463374045536         1.0846340796831293       -9.749553237498794E-17   1.3175438466343545       6.27711385496206
4.4675648743427585        3.1982509256472738       1.5230550020907015E-16   1.0684144663272723       6.277029271381043
4.471481614493017         0.7948721481865          4.3761535373365145E-17   1.061527858659742        6.273765321255824
4.4721969248997455        2.789438526533008        1.1426029969467743E-16   1.406994505343915        6.273169229250217
4.472391305132366         0.4596628963261562       -2.4359712959902446E-17  0.6780673362690316       6.2730072457230355
4.475509720339719         0.32794187508416417      -5.207845449287934E-19   0.5017590112095582       6.270408566383573
4.481263500908763         0.14462130090534697      6.55331473885147E-17     0.2323207845607638       6.265613749242706
4.484487862047996         3.68190481107021         6.791561407789607E-17    0.4879984193745342       6.262926781626676
4.4859670948458845        3.9446793316208937       5.1830934699216896E-17   0.09092595715271466      6.2616940876284195
4.485981076828971         0.05493794429135407      2.9233296110425663E-16   0.09030566643435674      6.2616824359758665
4.485981308411213         0                        0                        0                        6.261682242990632
4.485981308411213         0.024971792859706396     1.5796866753880074E-16   0.041359825416748895     6.261682242990631
4.485981308411216         3.9748542416458608       -3.3661803729678696E-16  0.04164613510556358      6.261682242990645
4.485981308411216         4                        0                        0                        6.261682242990636
4.486826491263429         3.5445127398770975       9.160215559964253E-17    0.6727001651488927       6.260977923947147
4.487461856151339         1.4232495808603591       -1.974563031740471E-16   1.5280662308426047       6.260448453207226
4.491273304223226         3.8487792778199275       1.5150916886288742E-16   0.24250632579317824      6.257272246480647
4.493495030708211         1.5921121639920428       -1.3696665084639297E-16  1.597344797181979        6.255420807743163
4.502555206727271         0.0951456529803241       1.3988165250208557E-16   0.15480413193343504      6.247870661060621
4.5144296396687835        1.7206017137668272       -1.3496744337388038E-16  1.6341402490208206       6.2379753002760205
4.517266465509958         2.269157547059823        1.0034903901214213E-16   1.6364809228586423       6.2356112787417075
4.521452866957539         3.056398191655075        8.10619733894969E-17     1.201676191944954        6.232122610868722
4.5276652003300555        2.650705554542796        7.045480433500182E-17    1.4902426172029815       6.226945666391628
4.53691952050817          0.2207284665494873       -2.2790784225232348E-17  0.34758033760527557      6.219233732909864
4.542041262200124         3.7641415827400784       3.804002849974235E-17    0.3699185316863882       6.2149656148332335
4.545695253308201         0.9374302317053691       -4.2876296110616605E-17  1.1962272864609569       6.211920622243171
4.548664390581584         3.3517795229989327       1.7618989543139887E-16   0.9052883838336584       6.209446341182022
4.5492893120493125        0.6468036320275645       8.011663120835803E-18    0.9036914957109211       6.208925573292245
4.5636333239298335        1.2444414429978221       -7.188864463049992E-17   1.4288046945586625       6.196972230058477
4.5708293220020275        2.9116030193703275       6.826153256901128E-17    1.3204083062812104       6.190975564998317
4.571674268714851         2.1205467294550138       -1.1622777240509032E-16  1.660611869174043        6.190271442737629
4.574739104299517         2.515604137750568        1.138672561808446E-16    1.5558968221393734       6.187717413083742
4.583462204106585         3.903413351890439        -9.935556030020418E-17   0.15709067160216825      6.180448163244521
4.5856783954866795        1.6412851685778267       -6.320122731914051E-17   1.6130515290490688       6.178601337094442
4.585860161552902         1.8461938290898985       -6.489346820211326E-17   1.656809859079157        6.178449865372587
4.589811943041106         0.5021688275421596       -4.976771946053561E-17   0.7318757411723218       6.175156714132416
4.590289213363836         0.14685207909767597      -2.4469322720729237E-17  0.23576782635641425      6.174758988863474
4.590306374091555         0.34593722200871724      -4.3283138629341425E-17  0.5266984693599005       6.174744688257044
4.596641167517054         3.6625980712343376       3.4823055719539E-17      0.5149031889699424       6.169465693735794
4.598110254863292         3.944511276527473        2.0021741875818397E-17   0.09119828977395739      6.1682414542806185
4.598123774138733         0.05496831680115974      2.9790735130529173E-16   0.0903548963969525       6.168230188217722
4.598130841121494         0                        0                        0                        6.168224299065456
4.598130841121494         0.024985598545981702     3.500454681394103E-16    0.04138254752051065      6.16822429906541
4.598130841121496         3.974777852967033        1.383512503452335E-16    0.0417718464295477       6.168224299065432
4.598130841121496         4                        0                        0                        6.168224299065429
4.598770868249562         3.852747167594011        -1.4980028650438399E-16  0.23638663873848745      6.1676909431253755
4.611785843245454         1.53519950926195         -1.3875792209655E-16     1.5766502099206965       6.156845130628795
4.612313465451626         0.09518748057326999      -6.821898746746385E-17   0.15487052743133065      6.1564054454569765
4.6132058272367935        0.8113414264716434       -2.930540149638408E-17   1.077954498157306        6.155661810636011
4.6139224920701665        3.1864497182197544       1.5158934534129565E-16   1.0801404442234446       6.155064589941535
4.6155917508029605        2.373698327434178        1.0607371783824889E-16   1.6084789833637085       6.153673540997538
4.620678359264208         1.9908230226644406       -9.615782166688984E-17   1.6666315762862443       6.149434700613167
4.621250071151863         2.7676900199276235       1.6346964208802381E-16   1.4211050138764703       6.148958274040119
4.622204342548054         1.718070020924657        -4.531180862990342E-17   1.633548119541075        6.148163047876628
4.640636875594129         1.0818596480303164       4.5317964177564077E-17   1.3154242892020787       6.132802603671565
4.6466249421344115        0.22544276265687707      -2.9371576446948126E-17  0.35456108808047665      6.127812548221329
4.6494145711190376        3.5129482654035105       5.357772407197159E-17    0.7129114775885458       6.125487857400806
4.655059338668359         3.768480028066476        -1.8934751088458202E-17  0.36353266263749867      6.120783884443038
4.658950994290264         1.395280538993561        -6.774081161111994E-17   1.5142976556167023       6.117540838091453
4.665995517157263         3.036174668334696        1.4824321876178305E-16   1.2193091902922857       6.111670402368954
4.672317091157477         2.225560340001872        1.0825947112382258E-16   1.6454677220909346       6.106402424035444
4.672583649161364         2.6255239095114375       1.5433084005614277E-16   1.5036332660956375       6.1061802923655355
4.67660753785382          0.6432846921366411       -2.123026089847905E-17   0.8997181555871803       6.1028270517884895
4.686477121262896         1.6404424349436555       -1.2718885634600868E-17  1.612799315587815        6.094602398947594
4.692208829451474         0.45129791465102953      -2.5991304662755473E-18  0.667300771181563        6.08982597545711
4.694611005288499         3.9027772495919493       9.496742398378662E-17    0.15809947434804075      6.087824162259594
4.698242225303115         0.3146539192839394       1.1701805868256504E-17   0.4831702450895894       6.084798145580743
4.703593370540821         0.14574153474730078      -6.283870609830359E-18   0.2340523100161269       6.080338857882652
4.7076279390343325        3.3413655141867564       9.196258895474785E-17    0.9169743988960418       6.076976717471396
4.710158196858587         3.6501871763576204       2.622058528577211E-17    0.5320342845770271       6.074868169284515
4.710256419109293         3.9443068281044007       4.648078857217159E-16    0.09152956591108574      6.074786317408893
4.71026693665559          0.055062481906076        3.798674751844189E-16    0.09050752112943619      6.074777552787017
4.710280373831774         0                        0                        0                        6.074766355140189
4.710280373831774         0.02502840086639818      3.7785472321929817E-16   0.04145299275652643      6.0747663551402
4.710280373831778         3.9746849218656366       4.220991594681851E-16    0.04192477473187723      6.074766355140174
4.710280373831778         4                        0                        0                        6.0747663551402
4.712033576951746         3.85165977804586         7.556303557046291E-17    0.23806502765298232      6.073305352540214
4.7151534986540575        0.9303027924415666       -1.636459807178388E-17   1.1898949517257051       6.070705417788294
4.71677704324382          2.887262427043735        9.731607362988974E-17    1.33865224398186         6.069352463963491
4.719131889454031         0.7857902350662415       5.2346060201092006E-17   1.0523727694747953       6.067390092121643
4.7202849596281835        1.771065010997932        1.1803745720592368E-16   1.644828654504428        6.06642920030986
4.72235214896094          0.09550571820438142      1.1025390766551447E-16   0.15537563775324623      6.0647065425325595
4.722931080604805         2.075898549441224        2.377511559615585E-17    1.664266420913634        6.064224099496001
4.723021771815929         2.4820418889309632       1.729171736758079E-16    1.5698481738816132       6.06414852348673
4.732377021133097         1.233434076864649        -1.525389237461028E-17   1.4218236189531874       6.056352482389091
4.7364581739663185        1.5189230515569898       3.3451352779505513E-17   1.5702354040319852       6.052951521694741
4.756443213176419         0.22582844308339797      -1.0429097681035572E-17  0.3551313694283837       6.036297322352991
4.758698593828952         1.9050936061902466       1.1172359123609444E-16   1.6629136568391798       6.034417838475875
4.762036922134709         3.1629474003996116       4.053175613295146E-17    1.103147226626578        6.031635898221082
4.768215926085824         2.7410595253306624       1.5162194726141398E-16   1.4378461582986235       6.026486728261816
4.769169474665699         3.7722882892182437       7.172957670561422E-17    0.3579142582916133       6.025692104445255
4.769941845382736         0.6829649610174312       -1.568333310322185E-18   0.9439244608717438       6.025048462181061
4.776651438353523         2.3335937150631714       1.2057606682096648E-16   1.620298013862648        6.019457134705405
4.788107834599966         0.5268004823641397       -2.7683077128673858E-17  0.7623679921822789       6.009910137833367
4.792259290029554         1.6483988961540241       -3.2612767776264515E-17  1.6151569432392894       6.006450591642046
4.805823498629744         3.9025988141771317       -4.30417831954636E-17    0.15838239678823837      5.995147084475217
4.806722772387964         0.3476648614940059       -3.4615553509273414E-17  0.5290785791909909       5.994397689676702
4.812708292327103         3.007572065191525        7.374520155446574E-17    1.2436660556023698       5.989409756394088
4.813282070350131         1.0705340234904994       2.4161433040510453E-17   1.3067054160463514       5.988931608041563
4.814834783544189         0.1456489141991989       4.366961208877923E-17    0.23390918774557926      5.987637680379849
4.815695065708873         3.517976178568495        3.493485868557962E-17    0.7065618005410789       5.986920778575944
4.820378342197074         3.6583061270279345       3.746266299455594E-17    0.5208419954423388       5.98301804816911
4.821409070186667         2.5956062657752197       1.111097593132721E-16    1.5188554900705424       5.9821591081777825
4.822405040475228         3.9440884616610417       -6.102676470810853E-16   0.09188335551516849      5.981329132937335
4.822411848803943         0.05521150596091018      2.0529585904335098E-16   0.09074904727215369      5.981323459330047
4.8224299065420535        0                        0                        0                        5.981308411214921
4.8224299065420535        0.02509613907314099      1.403766784866084E-16    0.04156447504007725      5.981308411214946
4.822429906542057         3.9745856643913826       -4.486288835223256E-16   0.04208810582501703      5.981308411214934
4.822429906542057         4                        0                        0                        5.981308411214921
4.8241429288239805        1.3919226787722148       1.14010167800926E-17     1.512600821420185        5.9798808926466895
4.82656659632734          3.85171932158068         -5.053048068431524E-17   0.23797314753532775      5.977861169727223
4.829115841424947         0.8142511120809257       -3.7388978432940884E-17  1.0808331561661169       5.975736798812549
4.832594688487956         2.177920393578472        9.816148604114961E-17    1.6534768056453688       5.972837759593379
4.835912930659472         0.0956188582278218       5.4974934207730755E-17   0.15555519452603958      5.970072557783783
4.840288107103312         0.9396048924045439       -4.611649037980036E-17   1.1981509232448433       5.9664265774139125
4.8445497710587775        1.5394409070985406       7.341196721381201E-17    1.5782855508107452       5.962875190784359
4.853453653192348         1.763532545730963        1.0106000991785394E-16   1.6433679762798017       5.955455289006385
4.8623020797618715        3.309676864978037        6.931044777526674E-17    0.951977712225543        5.948081600198446
4.863428429299123         2.8577836217409933       6.618528421590446E-17    1.3600863576137112       5.947142975584071
4.867301823115531         0.22347536630803494      -3.7380700707086475E-17  0.35165009411901244      5.94391514740373
4.876481970921593         0.6380390788085375       -1.3173637513329963E-16  0.8937760204780435       5.936265024232013
4.877542261171976         2.0141745725449387       1.2484071703372292E-16   1.666582950622155        5.935381449023359
4.877733078815804         2.447915251947433        6.68311315364871E-17     1.5830716362803627       5.935222434320173
4.888667786193212         3.7697866619257305       -6.018391339358022E-17   0.3616063213624087       5.926110178172329
4.893615933810234         1.2165661289034804       4.2717437050623875E-18   1.4109297373411354       5.921986721824811
4.907559746200843         0.44715602355034045      -9.679070987611533E-17   0.6619481603350043       5.910366878165969
4.909234081649269         3.1280810668545143       -3.0342359140233797E-17  1.1364304610851599       5.908971598625615
4.912684486799236         0.997394527370512        -1.4993148926769064E-16  1.2478259442722515       5.90609626100064
4.91503706153215          1.6216920346132875       1.0150495774852122E-16   1.6070346180520705       5.904135782056543
4.915813842370979         2.711185898176873        -2.2558333681949304E-18  1.455922757597649        5.903488464690856
4.919252919691233         0.3133112226966175       -2.973859769626046E-17   0.4812837368828422       5.900622566923978
4.920670770778219         0.15069802581151018      -2.836143298055466E-17   0.24170092010939773      5.899441024351488
4.9208608318182865        3.902415159300823        -9.73038731314746E-17    0.15867356735934338      5.899282640151434
4.929756217711187         1.871533230331353        1.4836997622862908E-16   1.6597901204545444       5.891869818574018
4.931204514617621         0.8855417358511171       -8.245671744087613E-17   1.149159490612609        5.890662904485324
4.9345563542254816        3.9438684634666994       -1.4837975289932442E-17  0.0922397486415056       5.8878697048121005
4.934559276100727         0.05538976054265122      1.7506633670700793E-16   0.09103792358234679      5.887867269916069
4.934579439252335         0                        0                        0                        5.887850467289718
4.934579439252335         0.025177163883023282     2.247748223572696E-16    0.04169781914620836      5.887850467289709
4.934579439252338         3.974485665212136        -7.936056592620903E-17   0.04225264911324542      5.887850467289731
4.934579439252338         4                        0                        0                        5.887850467289687
4.9387836629526465        2.2943568411966178       1.0020065284692171E-16   1.6305641875169805       5.884346947539465
4.942384877451596         3.850043496536317        -8.223543233309969E-17   0.24055794205153322      5.881345935457008
4.944765687771788         3.6383311747115843       -3.114304614526491E-17   0.548279567486734        5.879361926856849
4.949848469122281         0.09593256656897423      -1.685168911473318E-17   0.15605300372807765      5.875126275731433
4.952975539141581         1.4844222543450072       4.4707889084859937E-17   1.555908161743883        5.872520384048691
4.958218548745082         1.0945760532870787       -6.678776379146854E-17   1.325086448632833        5.868151209379106
4.960176447453488         2.9690523053976707       7.441660496229606E-17    1.2753906789181093       5.866519627122101
4.963938293312683         3.444937195020126        1.4034208779754016E-17   0.796731876019738        5.86338475557277
4.966159615959996         0.7352185498725521       -9.87912414873939E-17    1.0001366180889633       5.861533653366677
4.9729651048332055        2.5648530803697605       1.63015294088083E-16     1.5337254156653317       5.8558624126389995
4.979352677301924         0.22607193793369257      -4.220753765526291E-17   0.3554913460890315       5.850539435581735
4.988150096724585         1.714959543323576        1.0028603867453459E-16   1.6328133075240416       5.843208252729521
4.989141400186274         1.3275284942954988       -2.064365981951761E-17   1.478242530839802        5.842382166511444
5.000107554150944         3.7694169595778906       -4.816215670534938E-17   0.3621515096492227       5.833243704874218
5.002596249247653         0.5332448954405518       -1.1172514686853226E-16  0.7702622763536682       5.831169792293628
5.007342596687306         2.1239383432230095       1.3047979331217467E-16   1.6602663696163078       5.827214502760582
5.009443838987603         3.243229515084696        3.786720835676523E-17    1.0226584886759473       5.825463467510338
5.010821282998173         2.8212551263552483       6.165050348248655E-17    1.3856416739313449       5.824315597501529
5.015346938579219         0.968817723500834        -6.417303614472215E-17   1.2236096302641666       5.820544217850659
5.01852796986241          1.9601219162568788       4.278371850844058E-17    1.6660040576820752       5.817893358447997
5.029575160676379         0.34892630848090306      -1.0455083004257928E-16  0.5308148604889595       5.808687366103022
5.033627710509392         3.9021976141830548       1.0930311586026028E-16   0.1590184319151227       5.805310241242175
5.034811802272399         2.4163815139777536       4.067355169087642E-17    1.5944276811739988       5.804323498106341
5.0361309318656815        0.14929816428418335      -1.186757490392851E-16   0.2395427980325445       5.8032242234452704
5.039097066888246         1.5670178113378943       1.7273214977518917E-16   1.58855267679224         5.800752444259799
5.041813517931687         1.1774041557180999       3.178251172873404E-17    1.3847233654042295       5.7984887350569325
5.046708799666257         0.05556994621201035      8.576020563459795E-17    0.09132990246918161      5.7944093336114575
5.046711032993224         3.9436758274781503       1.0734789871299751E-17   0.09255178236547         5.794407472505639
5.046728971962615         0                        0                        0                        5.794392523364507
5.046728971962615         0.025259066460004705     2.3288095946240394E-16   0.04183260225066159      5.794392523364523
5.046728971962618         3.9743981033991593       -6.531022111475435E-17   0.042396720539084054     5.794392523364467
5.046728971962618         4                        0                        0                        5.794392523364484
5.0548533017452195        3.851144084550426        1.9155583585039573E-17   0.2388606575974859       5.787622248545653
5.056654631857416         0.8188378435608449       -9.148465970923331E-17   1.0853566500816696       5.786121140118824
5.057115271600895         3.071138546074149        1.1019382119493875E-16   1.188609256297567        5.785737273665924
5.058647168511771         3.679582420049413        -5.75656305491772E-17    0.491251205942066        5.784460692906861
5.059789798808843         0.09656291649920543      -8.888773807745808E-17   0.15705302881416228      5.783508500992629
5.06558631590001          2.6784681211149532       5.03257171498941E-17     1.4748670869294784       5.77867807008333
5.066508233916453         3.543027303288049        -6.711527586017449E-17   0.6746111422115054       5.777909805069629
5.072277404550918         1.8081978392361175       1.2581003719242023E-16   1.651338304635962        5.773102162874242
5.083885088849634         1.4165799481917105       1.3267499311518637E-17   1.5248421013116733       5.763429092625312
5.090367554302815         0.2283017127171615       -9.770419815233E-17      0.3587854911829405       5.758027038080993
5.091453489687021         0.6455827926534582       -5.3013945253906403E-17  0.9023141785181653       5.757122091927489
5.09663470475885          1.0429045124789433       -1.5614535362217052E-17  1.2849867615695139       5.752804412700965
5.104114233775142         2.266106583452026        7.001364227855157E-17    1.6371613692681226       5.746571471854054
5.107815400943019         2.923832223299117        5.338098769263364E-17    1.3110558429975887       5.743487165880823
5.110510696373353         3.340076246155966        -1.5419156143451575E-18  0.9184148560368902       5.7412410863555445
5.113460525304644         2.0247450935698192       8.073913760263762E-17    1.6664115334767602       5.7387828955794715
5.115319493212989         3.7736629148011924       -4.666684622383259E-17   0.35588327694122457      5.737233755655848
5.12301462387518          1.6530020435956512       1.5571440058169776E-16   1.6164968409380036       5.7308211467706895
5.126522003599718         2.53743366321938         1.2514330209987061E-16   1.5463187740160842       5.727898330333574
5.1294441856307555        0.4497712250146021       -1.0152095664117704E-16  0.6653294771696974       5.725463178641042
5.130790635594805         1.264495694445482        -3.8163176726432786E-18  1.4412639235461537       5.724341137004331
5.1410595420104865        0.31631664666372256      -5.831717838615031E-17   0.4855043190409621       5.715783714991266
5.143103533385119         0.8983474678668613       5.3692517305126433E-17   1.1609840410186025       5.714080388845738
5.146553331039733         3.902014187199037        -1.0738525100647729E-16  0.15930917987232782      5.711205557466898
5.150183985559415         0.14830948924278745      7.169400426433126E-18    0.23801760515487236      5.708180012033826
5.152398379836453         2.7868475152590175       5.3611232456502854E-17   1.408696244887797        5.7063346834696285
5.152946244665697         3.1636843419709186       5.684454956360701E-17    1.1024328134382133       5.70587812944526
5.158859308423825         0.05573816678807423      1.3058715542846188E-16   0.09160246829808409      5.700950576313487
5.15886850467555          3.9435474684666683       -1.9619863308686818E-16  0.09275968242366874      5.70094291277038
5.158878504672897         0                        0                        0                        5.700934579439239
5.158878504672897         0.02533553035821556      8.403753660186055E-17    0.041958430139304316     5.700934579439261
5.1588785046728995        3.97433975839394         -5.729324585800054E-17   0.04249271601039892      5.700934579439258
5.1588785046728995        4                        0                        0                        5.70093457943922
5.166508249168            2.1300737546728232       1.2233957196491406E-16   1.6596170076438825       5.694576459026671
5.166555033817707         1.9045495900952865       4.303996153670653E-17    1.6628705080204274       5.694537471818584
5.169150940378617         3.8500036894979575       -6.533976864955094E-17   0.24061931201831063      5.692374216351156
5.169937420141608         0.09699238558960897      1.0710670509278914E-16   0.1577341747900303       5.691718816548673
5.17168015252575          1.5003901626957346       2.412274238477251E-16    1.562662504362004        5.690266539561885
5.1815662254666135        3.643338860583           -4.826623726271378E-18   0.541432245540737        5.682028145444493
5.182330879258756         1.1177546386389745       8.524314043843206E-18    1.3423513009820651       5.681390933951043
5.183182308902571         0.7302442346898737       -3.0702769869105036E-17  0.9948834568590407       5.680681409247863
5.189839166655146         2.3870682123852465       1.8110167209080221E-16   1.6042409162337055       5.675134027787386
5.199543435890373         2.6557764265433805       1.5533413329949549E-16   1.4874821993291656       5.667047136758026
5.201244690907367         0.22883940106085568      1.1639522218097429E-17   0.35957922198563846      5.665629424243867
5.2040371850716705        3.0127968075579323       1.6050545740879905E-16   1.2392677610835265       5.663302345773615
5.204615787370348         2.0175941140878226       1.345241081401359E-16    1.6665376863122785       5.662820177191379
5.206755383737105         3.4586359067710783       -9.583760287402047E-17   0.780158871449215        5.6610371802190835
5.209043792324871         1.7417902718844023       9.429881543058883E-17    1.638886556794364        5.659130173062613
5.219391276310209         1.3485285483988434       -5.891955346420517E-17   1.489827061561952        5.650507269741495
5.223290021459396         0.5332057184015057       -3.934176812052395E-17   0.7702143897791495       5.647258315450508
5.2298287580650555        0.9711933672513022       4.794297076403368E-17    1.2256487135051202       5.641809368279126
5.229829841891528         3.7683817396573254       -3.968007760428284E-17   0.3636775095193885       5.641808465090399
5.249432145968062         0.3505348606326741       -6.137572463753201E-18   0.5330269808383038       5.6254732116932855
5.251836242896467         3.255742729089621        5.4977340737851285E-17   1.0096292493077306       5.623469797586282
5.2563591299471675        2.231468478319211        1.1446252082233635E-16   1.6443426431435804       5.619700725044033
5.257159145781335         3.9015396684090278       1.0214552395003719E-17   0.1600612039445353       5.619034045182226
5.257929435119433         1.5855508615793892       2.1311222064240532E-16   1.5950966298593403       5.618392137400476
5.262374767539591         2.881716652948955        1.8232890893209582E-16   1.342739893296873        5.61468769371701
5.2625317370362135        0.14786266481054286      3.392062813209837E-17    0.23732803816554046      5.614556885803161
5.266386157469155         2.755217181703223        1.4598289253776216E-16   1.429019586858435        5.611344868775711
5.268060317795585         1.1980891579028692       1.606190483897784E-16    1.398724583886281        5.6099497351703524
5.269924861755517         1.9509079553219824       1.0260794367759393E-16   1.6656624879788897       5.6083959485370745
5.2710099820748555        0.05589427420542523      -4.360249037237475E-17   0.09185538622197914      5.607491681604287
5.271027139990971         3.9435004205166524       9.143433311747E-17       0.09283588143816451      5.607477383340867
5.271028037383177         0                        0                        0                        5.607476635514011
5.271028037383177         0.02540648827519329      -4.151986771212157E-17   0.0420751931059565       5.607476635514021
5.2710280373831795        3.9743183729621148       2.001232921335836E-16    0.042527900910095104     5.607476635514035
5.2710280373831795        4                        0                        0                        5.607476635514018
5.275470953390198         0.8229058435788115       5.801498602352248E-17    1.089353894549622        5.6037742055081745
5.282056209263044         3.8486039862983277       -2.6521113553311256E-17  0.24277637576747194      5.598286492280805
5.283323435076564         0.09714547365495246      -5.118846628647418E-17   0.1579769381534022       5.597230470769528
5.2915679806573115        3.6784467462753154       -6.881721084082459E-17   0.49284021663242         5.590360016118914
5.294046253087329         3.100690283588604        1.0953613346705579E-17   1.1618670415056835       5.588294789093898
5.297190349217252         2.5216536807568595       1.491885555979297E-16    1.5532822655636769       5.585674708985628
5.298588917912949         1.8249936227814045       2.749056368717354E-16    1.6539053199720113       5.584509235072546
5.302117676446647         3.5469118019331023       -5.275407086236893E-17   0.6696099487667019       5.581568602961134
5.3066302668058665        2.0776941767791994       8.845141499837626E-17    1.6641515062060857       5.57780811099512
5.306828557309768         1.4312152199458517       4.020217479698364E-17    1.5318682808244821       5.5776428689085344
5.311087623881276         0.6477353592987977       1.7759696459121966E-17   0.9047418089621875       5.574093646765607
5.31128148483107          2.9887936759076066       5.654785273397774E-17    1.2592862777021356       5.573932095974114
5.3128502437075475        0.22932750486539594      -1.497459392920862E-17   0.3602995479057485       5.5726247969103815
5.3168136279857325        1.0488957835538681       1.464828992898408E-16    1.2897503206076635       5.56932197667856
5.323353885931832         2.666709466005853        1.0070540157306795E-16   1.4814577033075806       5.563871761723479
5.333344042080139         2.359189300097759        1.165256156131068E-16    1.6129096027897025       5.555546631599889
5.33991457288769          3.3614324260951194       1.9036070434406105E-17   0.8943757288236497       5.550071189260264
5.342593744309908         3.7673398342674287       -3.600189795368137E-17   0.3652124625881577       5.547838546408415
5.34544514123555          1.6689186917500007       2.579709460794697E-16    1.6209938197197802       5.545462382303715
5.348660391990131         0.4513478790780706       3.12547757098087E-17     0.6673652534850046       5.542783006674896
5.355278704442466         1.2790427379361708       1.0584235744575163E-16   1.4500919276155957       5.537267746297949
5.363475805062695         0.31669166772947693      6.868449993052588E-17    0.48603044104526305      5.530436829114427
5.363608998733197         0.8962301004162239       5.893682935284617E-17    1.159038336988676        5.530325834389008
5.371494798773491         3.9014534628737887       6.287221157236482E-17    0.16019780355219904      5.52375433435543
5.372696938226967         0.1494712825508657       4.166821920873097E-17    0.2398097774566927       5.522752551477532
5.377436106604417         2.9212814607994746       8.362635928365227E-17    1.313016862494662        5.518803244496321
5.381326764333612         3.178653476404998        8.502835596949159E-17    1.0878233260660064       5.515561029721994
5.383160985707423         0.056043911114199395     1.268288829764935E-16    0.09209780186825889      5.514032511910488
5.383177570093457         0                        0                        0                        5.514018691588796
5.383177570093457         0.025474505051908816     1.3328756277387124E-16   0.04218711241666481      5.514018691588788
5.3831775700934585        3.974334216074981        1.7403398464475314E-16   0.04250183468149638      5.514018691588794
5.3831775700934585        4                        0                        0                        5.514018691588811
5.3831853733456585        3.9435352753649577       2.5217833126443856E-16   0.09277943058835735      5.514012188878611
5.392270876336981         3.849819508874698        4.983159294686195E-17    0.24090324357773804      5.506440936385854
5.394106330795968         1.5132977293702303       1.7352533754736373E-16   1.5679670415682623       5.504911391003366
5.3942603081466185        2.785035822089971        1.5650525422012887E-16   1.4098828158481358       5.504783076544492
5.397379498126641         0.09741814324683847      9.016102218725271E-17    0.1584092826473719       5.502183751561141
5.402045047866763         3.645867147030875        -8.110655612634296E-17   0.5379672226351871       5.4982957934443695
5.4026798018221704        1.9334349963686004       1.3377305224450358E-16   1.6648204584548147       5.4977668318148645
5.403528491186192         1.1277014979657438       1.1128593097416495E-16   1.3496230513953316       5.497059590678176
5.404174046302006         0.7276873881610354       2.7609048063854568E-17   0.992175257398131        5.496521628081666
5.405443312647702         2.2118032191837265       1.9035052514773997E-16   1.6479747484764224       5.495463906126921
5.418513111852339         3.0274831746430673       8.868901375203919E-17    1.2267826357605862       5.484572406789724
5.423444704323978         3.4610836396014717       -2.0764144283133388E-17  0.7771810825370494       5.48046274639669
5.4248057865243675        0.22969466017797643      1.0788733638265025E-16   0.360841251582346        5.4793285112297
5.428714284760931         2.4585751815647985       2.0065679153213978E-16   1.5790453345220066       5.476071429365894
5.431764607639744         1.7527131759619243       2.795490319801188E-16    1.641187177773819        5.47352949363355
5.442739411823339         1.3594850900758149       1.1350998682576194E-16   1.4957252709020068       5.464383823480559
5.445607912240262         0.5333746875593567       8.119455793203413E-17    0.7704209137118277       5.461993406466454
5.450676780779101         0.9752883394864158       6.965309134018597E-17    1.2291525053364565       5.457769349350755
5.452187183464769         3.769243458753083        -1.1912267491965577E-17  0.3624073265247619       5.456510680446031
5.459389178935762         2.615864218935833        1.1584066294675962E-16   1.5086296932643997       5.4505090175535384
5.472470218934147         0.3507378299318564       1.1705234462342635E-16   0.5333059559925496       5.439608150888215
5.47400666558833          3.267567002770444        1.1638003586651787E-16   0.9971974556198148       5.438327778676396
5.48123776362033          1.5951664889226547       1.3900671971778066E-16   1.5983790951286634       5.432301863649735
5.484046870112275         2.07232724994957         1.8418567528451926E-16   1.664486987047807        5.42996094157311
5.484936287104135         3.901746363590959        -5.695167350823982E-17   0.15973365357023517      5.429219760746555
5.484982518818992         0.15003891047855356      7.369266652305986E-17    0.2406849863569264       5.429181234317512
5.489110247832401         2.3364077253178364       2.2723103788666166E-16   1.6195124343110343       5.425741460139673
5.490221452824518         2.9003886711299165       1.6568757540404635E-16   1.3288751003753776       5.424815455979572
5.490936384253988         1.2065568112217482       5.590999289871657E-17    1.4043532942422512       5.424219679788348
5.49462959499203          0.8221817050402157       1.038229849095297E-16    1.0886433600241787       5.421142004173315
5.495313355386536         0.05618326303923159      5.0928541272434046E-17   0.09232353879632951      5.420572203844552
5.495327102803738         0                        0                        0                        5.420560747663522
5.495327102803738         0.025537846836014358     5.803204867045508E-17    0.04229133571793229      5.420560747663551
5.49532710280374          3.974385485615488        2.0231153639484334E-16   0.04241748091287241      5.4205607476635596
5.49532710280374          4                        0                        0                        5.420560747663579
5.495341246036672         3.9436480683540736       2.0055080961969717E-17   0.09259674432644938      5.420548961636126
5.503863795631659         3.850628456626993        -7.999429315462005E-17   0.23965596480099746      5.413446836973626
5.507550282797112         0.09780844081544376      1.9024100497682056E-17   0.15902803006959465      5.410374764335746
5.512251716464094         3.6804710697648795       1.0717404962962787E-17   0.490007076534701        5.406456902946594
5.520571161135757         3.547581822700283        -6.319992000799598E-18   0.6687460425198629       5.399524032386875
5.524420962671057         3.1095362128258586       1.4118964586295045E-16   1.1537205801783557       5.396315864440795
5.5304965617292865        1.4393052737603174       1.1396028362394033E-16   1.5356755933195876       5.391252865225599
5.533881540539763         0.6465330536337985       2.2995501826512538E-17   0.9033863437892299       5.388432049550203
5.537859700567668         0.22958504789465561      4.862371230331648E-17    0.36067954056742996      5.385116916193614
5.538222578744949         1.0535553321690174       8.963299896159562E-17    1.293434371139293        5.384814517712545
5.539590093824453         1.9570707374548015       5.805815571043025E-17    1.6658987826738874       5.383674921812965
5.540718543058329         1.8258455635028077       1.5636460957472787E-16   1.6540292634368121       5.382734547451393
5.54264584481532          2.9940492361104676       1.650497639404067E-16    1.254944215078416        5.381128462653904
5.550709462376211         3.3789921409656714       1.0548255842759268E-16   0.8743252813145483       5.374408781353162
5.557174008435238         2.7623887919126755       1.631103701057662E-16    1.4244847208191391       5.369021659637304
5.562061094441798         2.473524726686011        1.730349358917752E-16    1.573239305507059        5.364949087965172
5.563219450981325         2.193744425012795        1.75502285088779E-16     1.6510262907401942       5.363983790848899
5.565275962754763         3.7721040760490365       -5.214591888497381E-18   0.3581863098543297       5.362270031037704
5.574967136567465         1.6719208318717331       1.0569739814279888E-16   1.6218183581001118       5.354194052860458
5.577641477544185         0.44922124646034417      1.3905990285838698E-16   0.6646188573208304       5.351965435379849
5.578775348127063         1.2854458874168735       9.734849253483768E-17    1.4539218417460595       5.35102054322745
5.58359778911226          0.9001200823737724       1.5461801689202497E-16   1.1626100695010522       5.347001842406456
5.5922826509814545        0.3152481151469778       3.4016810098668797E-17   0.4840046193684125       5.339764457515461
5.593077242730135         3.203284162891104        1.9863177428981112E-16   1.0633780097231071       5.339102297724893
5.594953880639787         3.9019405647440695       -4.318449222596844E-18   0.159425870075421        5.337538432800191
5.599170631173102         0.14889526548389004      -5.0600227132147585E-17  0.2389213591050177       5.33402447402242
5.607467602873666         0.05628921884559598      2.613296534649752E-16    0.0924951663433902       5.327110330938619
5.607476635514017         0                        0                        0                        5.327102803738311
5.607476635514017         0.025586008566179992     3.093733303468014E-16    0.04237057934598792      5.327102803738331
5.607476635514019         3.974458337211776        2.0106490444396955E-16   0.04229761442287847      5.327102803738285
5.607476635514019         4                        0                        0                        5.327102803738271
5.607492380121217         3.943808341865908        1.3043788664772248E-16   0.09233713753854596      5.3270896832323
5.614960462158618         3.850818000358408        -2.354673646443099E-17   0.23936363731221053      5.320866281534489
5.618209779305586         0.09796706328929293      -3.1486350262621476E-17  0.15927946152818492      5.318158517245341
5.619496425964584         1.5178819432028337       7.30069531916294E-17     1.5698175747125533       5.317086311696182
5.624527438304576         3.646712753080222        4.1104475057609464E-17   0.5368071286845653       5.3128938014128595
5.626232465915362         1.131717168210262        1.3681202664472352E-16   1.3525353850079984       5.3114729450705385
5.626488267677167         0.7295391067851172       1.1042754260362196E-16   0.9941371328381851       5.311259776935699
5.634963953493119         2.898326206443919        2.203333410901927E-16    1.3304208445067003       5.304196705422409
5.634976384085737         1.8910912078386544       1.497873120827436E-16    1.6617245312458169       5.304186346595224
5.635560122100406         2.6199360533298828       2.0373066108363516E-16   1.5065330374090717       5.3036998982496675
5.638065524227108         2.035935004768927        1.4942265654202924E-16   1.6661286147634422       5.3016120631440815
5.640537396715788         3.4729538307592582       1.531583554577261E-16    0.7626695885215118       5.299552169403513
5.643461441005271         2.329039363629122        1.1377527812993542E-16   1.6215554571593944       5.297115465828944
5.648070497586248         3.3267931063526506       1.2919057319825826E-16   0.933175022056286        5.293274585344801
5.651740660538453         0.2278313724922056       -4.1953141705466676E-18  0.358090981532142        5.2902161162179615
5.666897001250365         1.3636634739356204       8.884461825643777E-17    1.4979482606651333       5.277585832291371
5.668873504020934         1.7444521501799735       2.2496933869796087E-16   1.6394563735218186       5.275938746649229
5.67018958599097          0.5360976300255726       1.1013533006861928E-16   0.7737457713263568       5.274842011674195
5.672490446834405         0.9779863428933154       2.0852411457392529E-16   1.2314533686197595       5.272924627637999
5.673589705535268         3.769468187146902        6.337799211509367E-17    0.36207597278127407      5.272008578720616
5.685975546401397         3.072921821590468        1.9057028682695751E-16   1.1870161519812477       5.261687044665506
5.697759283885743         0.35357627730228214      7.094201911758615E-17    0.5372037188909121       5.251867263428555
5.702625788318365         3.2224596222222504       1.7296373785003328E-16   1.0439968633484316       5.247811843068038
5.704500578969051         3.9019981843792992       1.5919651525079837E-16   0.15933454442410386      5.246249517525796
5.70978858571609          1.5936961315368938       8.619319800351033E-17    1.5978821526966327       5.241842845236596
5.711202648083684         0.14931646873394536      7.820299516306009E-17    0.2395710279585859       5.240664459930266
5.71453442519783          1.2096998611817058       2.1900637488565626E-16   1.4064273710765782       5.237887979001812
5.717416884944239         0.8244720472640745       1.417868874567834E-16    1.0908891801402023       5.23548592921314
5.71937854993924          2.1768722774958893       3.4597373532256394E-16   1.6536317489389256       5.233851208383972
5.719622493724266         0.05633956571686389      -8.073782454857611E-17   0.09257671508428782      5.233647921896448
5.719626168224298         0                        0                        0                        5.233644859813075
5.719626168224298         0.025608893507665403     -1.1063497490305177E-16  0.04240823275165625      5.233644859813091
5.719626168224301         3.974522919551872        6.427492338733486E-17    0.042191350068479676     5.233644859813081
5.719626168224301         4                        0                        0                        5.233644859813093
5.7196386034457705        3.943950423014118        1.5209319109722827E-16   0.0921069803596797       5.233634497128513
5.720608172009722         2.7660544197020145       1.6728749870104175E-16   1.4221502608562553       5.232826523325236
5.723325725499518         2.4759229463647254       2.1003643094130848E-16   1.572290562134801        5.230561895417076
5.725269102303323         3.850659907149568        8.539926336807388E-17    0.23960746169548         5.228942414747233
5.730159023167516         3.6806945620811407       5.0417804755055683E-17   0.48969407874620163      5.224867480693742
5.731880721865606         0.09821343180743727      1.8650994077264906E-16   0.15966993710098118      5.22343273177868
5.732932738525234         1.9319615273352824       1.5805236870921302E-16   1.6647378192656066       5.222556051228974
5.7368283793717865        3.547277882306172        7.487582991447102E-17    0.6691379812192206       5.219309683856849
5.753402597790745         3.356275774924968        1.4648209791430517E-16   0.9002150093132002       5.205497835174385
5.75545820013146          1.4408107926346225       2.2817018847808057E-16   1.5363780959858684       5.20378483322379
5.7558495743680185        1.8146313935731468       1.5344920895635635E-16   1.6523493665630709       5.203458688026658
5.757776393495073         0.648900981642189        1.3225596392987482E-16   0.9060547677469007       5.201853005420777
5.761312365538747         1.055647447149081        2.39338266876559E-16     1.2950826066349812       5.198906362051047
5.761704771202975         0.23137617942916053      8.461310258950888E-17    0.36332074221225324      5.198579357330861
5.782797224624709         3.7695036066461527       4.199833919315449E-17    0.36202374419427436      5.181002312812748
5.792314582121495         2.0284776082954954       2.526855567499071E-16    1.6663287607607382       5.173071181565425
5.795579568267385         2.915673107616539        1.5317523597074516E-16   1.3173094833282804       5.170350359777182
5.798419034618092         1.6687127756730642       1.8454559445583836E-16   1.6209369895823993       5.167984137818261
5.801733601009578         0.45348024773175927      6.682990097950746E-17    0.6701152732684087       5.165221999158689
5.802789274546491         1.2871386736196675       1.0980311542844907E-16   1.4549286372296983       5.164342271211261
5.805720379124452         2.3257428317168123       1.3705716061966976E-16   1.6224548364937983       5.161899684062959
5.807045411043828         0.9017641448677921       2.098047672007039E-16    1.1641158360425126       5.160795490796814
5.8081865054877175        2.627379081374004        2.7195838098924827E-16   1.502664786772631        5.159844578760237
5.813157906749947         0.3204202134647411       8.301904789177489E-17    0.49125489194257294      5.155701744375051
5.817949812526863         3.902448460849779        -9.770957078137085E-17   0.15862077242096137      5.1517084895609555
5.819419802081924         3.1846795346765706       5.5333123288775476E-17   1.0818893333827113       5.150483498265068
5.822643926739743         0.14988105535434731      8.105070352874422E-17    0.24044162110969028      5.147796727716886
5.831775700934578         0                        0                        0                        5.14018691588785
5.831775700934578         0.02560856527152332      -4.762382218227332E-16   0.042407692696178154     5.140186915887854
5.83177570093458          3.974559820944083        -1.5712418854595283E-16  0.04213063063052955      5.1401869158878535
5.83177570093458          4                        0                        0                        5.140186915887854
5.831775897203435         0.05633884359735131      -4.694816338813661E-16   0.09257554545479946      5.140186752330459
5.831782865740156         3.9440316060769827       -1.8776086138404286E-16  0.09197546440572787      5.1401809452165566
5.835716839616836         3.8516388499325003       3.7235843059738356E-17   0.2380973205919367       5.136902633652642
5.839781484384519         3.495540655798369        1.75481592865175E-16     0.7347325611892443       5.133515429679574
5.840861967683081         3.648009899727307        9.059817917091367E-17    0.5350264043336638       5.132615026930772
5.843758873629817         1.8895674359711483       2.1414815378467386E-16   1.661585270334174        5.130200938641827
5.844004791733824         1.5168822424910369       1.9784746530977832E-16   1.569415513491464        5.129996006888484
5.845575104638877         0.09832008455067551      -1.5473447203588504E-16  0.15983895799027084      5.128687412800937
5.849938951020952         1.1330171464504109       2.604367469070617E-16    1.3534753048545893       5.12505087414921
5.850510686615895         0.730817979467846        9.36164284394423E-17     0.9954904161491335       5.124574427820092
5.87260756014766          0.23169097593838245      4.8078476419262593E-17   0.363784664759271        5.10616036654362
5.875056185173015         3.0553774948272343       8.955636259661078E-17    1.2025743097550807       5.104119845689161
5.8858466600338755        2.4785465967496396       2.6211449757518304E-16   1.571247147808059        5.0951277833051085
5.888796130098765         1.7442053964665585       2.3862416030374928E-16   1.6394038003346554       5.092669891584368
5.888838769249628         3.3567441121091224       1.400831751973755E-16    0.8996855892738465       5.092634358958648
5.890300016293266         2.775152316848813        1.5541495007705866E-16   1.416307869034967        5.09141665308895
5.890920354965028         1.3638574951209421       1.399741389671279E-16    1.4980511306192505       5.090899704195812
5.891397772858447         3.7739237242646206       8.112871904660266E-17    0.35549775853797455      5.0905018559513
5.894884792721378         2.1524069262510697       2.5323455431387693E-16   1.6569883870127935       5.087596006065524
5.894935820794492         0.5370904188851211       7.591009674221465E-17    0.7749564822842879       5.08755348267126
5.896297125456459         0.9789471561417195       2.0333071200262841E-16   1.2322712875203834       5.0864190621196235
5.920200354214643         0.354619165124296        9.100705481277009E-17    0.5386341284265551       5.066499704821136
5.925056253562236         1.9840407682189576       1.624537890758895E-16    1.6665605428837347       5.062453122031472
5.931227956934051         3.9029437846830652       2.5472657117717232E-17   0.15783539680670503      5.057310035888292
5.932889935618388         1.59296492910848         1.3981520854518072E-16   1.5976343546101412       5.055925053651349
5.934126366208574         0.14944329632165826      4.893598651663416E-18    0.2397666193629793       5.054894694826195
5.938298048782719         1.2100112319857788       1.1581342558830737E-16   1.4066323943380732       5.051418292681071
5.9415130097169495        0.8249818120541557       1.6545982812435332E-16   1.091388440831861        5.048739158569213
5.943925233644859         0                        0                        0                        5.046728971962585
5.943925233644859         0.025597534303736205     1.3463715580969322E-16   0.042389543105213874     5.046728971962594
5.943925233644861         3.9745762333308985       -2.674325474635401E-16   0.042103624485317154     5.046728971962616
5.943925233644861         4                        0                        0                        5.046728971962635
5.943926562140569         0.05631457546821965      2.8096847789075795E-16   0.09253623769279681      5.046727864882876
5.94392733094328          3.9440677133279767       -1.8855271927028976E-16  0.09191696916488844      5.046727224213938
5.947244619525018         3.852820413707928        5.700834288349917E-17    0.23627354772799317      5.043962817062492
5.949258427002793         3.6833202504753517       9.111955530020205E-17    0.4860137226415001       5.042284644164345
5.954976661978265         3.2045139031510312       9.397126584346628E-17    1.0621442737982798       5.0375194483514525
5.955733020847754         0.09813562010902054      7.580969258436008E-17    0.15954661687579177      5.036889149293544
5.95595204605304          3.5360460864847654       1.228750682520719E-16    0.6835676750811829       5.036706628289138
5.966562406166492         2.9261516175676294       1.4578519090156236E-16   1.3092679921986947       5.027864661527929
5.97415774606344          2.3326497670541713       1.5738231920470986E-16   1.6205600551995036       5.021535211613807
5.9790383697697544        1.4399723416809793       3.5068187823785883E-17   1.5359870924657157       5.017468025191881
5.980163947717202         1.8280614326784577       1.5122053701646618E-16   1.6543488037780916       5.016530043569007
5.982166049589636         0.64854266015747         8.840477646178858E-17    0.9056512744107309       5.014861625341974
5.983116997280539         0.2286350191979112       1.706658106794434E-17    0.35927754366167336      5.014069168932889
5.985135465155146         1.0559312653113373       2.739495534409235E-16    1.2953059267430624       5.012387112370717
5.996189221851859         2.621933197330134        1.9284649526027833E-16   1.5054996241911331       5.003175648456788
6.007242234599884         3.7764872816535195       3.645076470364351E-17    0.35170539088470404      4.993964804500102
6.009500023209274         3.3634087176190284       1.2117619642720168E-16   0.8921319453001829       4.992083313992279
6.022795816138861         1.670763679123979        2.695105512418386E-16    1.6215014354233441       4.981003486550951
6.023743831846572         2.067502100570633        1.3507512110272362E-16   1.664768111007732        4.980213473461197
6.0260167844484265        0.45067564202037247      3.911132526246828E-17    0.6664975140712568       4.978319346292981
6.026385864202023         1.2865390807563715       1.743086492721429E-16    1.4545722986300167       4.978011779831648
6.031063682227777         0.9018607509303239       1.3379721693732253E-16   1.164204245688621        4.974113598143526
6.031473017595728         2.4685591256444566       1.53994646321038E-16     1.5751884774063774       4.973772485336898
6.037429503302434         0.31741945456859216      3.5336898997085363E-17   0.48705112838989456      4.968808747247974
6.042388898904661         3.905930183900272        -6.681393404066E-17      0.15309588920744813      4.964675917579459
6.046456356821196         0.1490949597977712       -6.190074230805292E-17   0.2392293883974941       4.9612863693156735
6.052015279208479         3.6610063997986155       2.348249905321435E-17    0.517107391595018        4.956653933992938
6.054674223976425         2.7937224775025573       1.4187731284261932E-16   1.404168595294669        4.954438146686317
6.054829436475641         3.085220071249695        1.1297429610864062E-16   1.175957248732004        4.954308802936969
6.056070951737998         3.94407319732315         -1.8980531457869136E-16  0.09190808477072657      4.953274206885012
6.056074766355138         0                        0                        0                        4.953271028037403
6.056074766355138         0.02559023651950071      5.4960136015654235E-17   0.0423775357803662       4.953271028037416
6.056074766355141         3.9745787260559773       -2.310943813230817E-16   0.04209952275298038      4.953271028037388
6.056074766355141         4                        0                        0                        4.953271028037365
6.056074926425998         0.05629852034290156      4.687757386984813E-17    0.09251023249116926      4.953270894644994
6.066450045857048         0.09800814456154434      -6.493588796638307E-17   0.15934457576907535      4.944624961785799
6.067085149726378         1.5159640332372433       1.724540068112581E-16    1.5690454928666864       4.94409570856136
6.06849409427967          3.23184603111583         6.66172639608471E-17     1.0343980648434086       4.942921588100283
6.068496329604986         2.1987229422821444       2.0432518866107606E-16   1.6502121634211377       4.942919725329182
6.069196172359981         3.8412983279460353       6.134368025291818E-18    0.2540085281263063       4.942336523033355
6.073550610538064         1.1326846945945934       2.143805111052626E-16    1.3532350670873037       4.938707824551618
6.07476073092051          0.730397568718075        6.319420564030873E-17    0.9950456943679279       4.9376993908995805
6.086880485949666         1.9283759104213083       1.8144703442650987E-16   1.6645291624133447       4.927599595041948
6.0939084174403675        3.5170689872682224       7.782471865054366E-17    0.7077090366120719       4.921742985466366
6.097855792920435         0.2296572632046504       1.3560333918351581E-17   0.3607860809483134       4.918453505899643
6.112646358035934         3.7663718679555087       4.092159133719526E-17    0.3666376767064033       4.9061280349700604
6.1137674659915895        1.7514045876880562       4.3838209585188355E-17   1.6409168004072747       4.905193778340348
6.114303434201546         1.3626289252135828       9.455447713845945E-17    1.497399213760671        4.904747138165379
6.119347434813861         0.5358338270460414       3.5981773051180365E-17   0.7734239241572335       4.900543804321786
6.120068489850688         0.9786966813026048       1.0418994011673677E-16   1.2320581380073705       4.899942925124432
6.1285142831301656        2.9316144418378274       9.947932274622205E-17    1.3050393882329985       4.892904764058204
6.129824330667168         3.897834280515803        9.682804025553456E-17    0.16592710154127685      4.8918130577773615
6.1379833544674955        3.348245715778786        8.450070413109566E-17    0.9092639541183963       4.885013871277095
6.143742844661135         2.0699654465059094       7.390401019126637E-17    1.6646270151230134       4.880214296115725
6.146697067877548         0.3516076484833025       3.925038609707469E-17    0.5345011064421888       4.877752443435381
6.147887010700498         2.5412512089804813       2.371183990647988E-16    1.5446029703238209       4.876760824416258
6.153284449328963         2.3684148581078555       2.444984606154164E-16    1.610112705135572        4.872262958892534
6.1554738295985745        1.5915356871965873       1.7041905047022087E-16   1.5971487104858502       4.8704384753345265
6.158417972379066         2.6877419768151936       1.6598568867493394E-16   1.4695879055526389       4.867985023017449
6.159676928182711         0.1491133275858941       1.7924565125057088E-17   0.23925771911659935      4.866935893181082
6.161577893850773         1.2092323052093807       9.827089434759144E-17    1.4061193553648053       4.865351755124357
6.165465837724141         0.8246790158200149       2.963263364095691E-17    1.091091910060914        4.862111801896558
6.168212676520668         3.944019393387614        -4.0926710601400906E-17  0.09199524922202211      4.859822769566109
6.168222641547332         0.05630706904327434      2.85519918409241E-16     0.09252407922868876      4.859814465377238
6.16822429906542          0                        0                        0                        4.859813084112139
6.16822429906542          0.025594122292397426     2.0796171438204282E-16   0.042383929197363085     4.85981308411214
6.168224299065422         3.9745542697216427       -5.586724865620804E-18   0.04213976496834529      4.859813084112162
6.168224299065422         4                        0                        0                        4.8598130841121465
6.168815620651641         3.6675653691200347       5.838262226293843E-17    0.5080107248798181       4.859320316123637
6.177785178881259         3.839130768366219        3.677303242930011E-17    0.25733250702028393      4.851845684265624
6.1806478928454744        0.09799947649683532      7.362500062289135E-17    0.15933083691403652      4.849460089295444
6.185461990582888         3.188108091683291        1.423820985477444E-16    1.0784996510319547       4.845448341180933
6.187118692597926         2.8135734362041207       9.423449186336069E-17    1.3908742766262594       4.844067756168399
6.202438266471139         1.4381600955494545       1.0019650370112561E-17   1.535139967402919        4.83130144460739
6.2052258771384405        1.967296346786679        1.2514623659139608E-16   1.6662210296110445       4.828978435717967
6.206393632055227         0.6482373049695548       2.1883085127646316E-17   0.9053073401350122       4.828005306620647
6.208572524791674         1.0554544955767924       8.870037290569932E-17    1.2949307458641295       4.826189562673613
6.2119777922449115        0.22916803180771605      4.1751697585894476E-17   0.3600642251784343       4.8233518397959125
6.216463180730493         1.8303606905004643       1.1823862164015204E-16   1.654676043613552        4.819614016057927
6.21819555644034          3.0477997375370665       8.845863794425483E-17    1.2092148791738575       4.818170369633058
6.2217236303213745        3.7731004424691337       1.8369786458177747E-17   0.35671450871490135      4.815230308065527
6.225438786449958         2.200189755709313        1.3583265716458617E-16   1.649968359045437        4.812134344625043
6.227132997063215         3.5108834156423616       1.44607475575085E-16     0.715513043473697        4.810722502447326
6.248943428891156         1.6674941009617603       -5.289355133670462E-17   1.6205999279603234       4.792547142590705
6.249218006494748         1.2856434887616226       1.9459105920709343E-17   1.4540394895213904       4.792318327921048
6.251237178745735         0.4507631120589312       5.674450823207199E-17    0.6666104437677806       4.7906356843785565
6.252478964752322         3.9048448059815057       1.707268375044351E-17    0.15481927713553342      4.789600862706408
6.254661841529927         0.9015183656403708       6.596624069936433E-17    1.1638908745727503       4.787781798725064
6.255575874499264         2.6089551874466954       2.1071849950437252E-16   1.5121556582007347       4.78702010458395
6.26796434746561          0.31362420839589045      2.63466455093401E-17     0.4817236206215057       4.776696377111996
6.2727132536616175        0.14861665522799306      5.721007744927835E-17    0.23849154612534004      4.772738955281991
6.276054360062211         3.333950869177313        7.340768530376363E-17    0.9252396160921225       4.769954699948163
6.280354332741475         3.943879128314133        3.36857191060927E-16     0.09222247271028591      4.766371389382101
6.280371200710256         0.05633318441061201      -5.68709202330837E-18    0.09256637915691998      4.76635733274145
6.280373831775699         0                        0                        0                        4.766355140186932
6.280373831775699         0.02560599291391455      -1.9652405712164626E-17  0.04240346032606288      4.766355140186913
6.280373831775702         3.9744905128700605       5.684986577585765E-16    0.04224467274421952      4.7663551401869295
6.280373831775702         4                        0                        0                        4.766355140186907
6.280841617150782         3.851334885329327        -5.646729548967953E-17   0.23856630931776976      4.765965319041022
6.281350693349002         3.6517863540584163       3.589478029590607E-17    0.5298341002276691       4.765541088875836
6.281674377880097         2.0535186454221694       9.298842979317286E-17    1.6654732310800748       4.7652713517665894
6.285175290451807         2.9098234044719193       4.8099851502185776E-17   1.321758905281304        4.7623539246235005
6.287023244055332         2.486316253315587        1.4787886474635482E-16   1.5681235424004554       4.7608139632872275
6.287617298815345         1.5149007284235225       -2.4090349955663295E-17  1.5686161236316563       4.760318917653884
6.295063217599961         0.09799986029003799      5.865258890812824E-17    0.1593314452263687       4.75411398533338
6.2966201506359125        1.1322577838343546       1.538272931993677E-16    1.3529264359516404       4.7528165411367445
6.298460641001758         0.7302615511618966       -4.688573985466676E-17   0.994901779809254        4.751282799165206
6.3102418445164945        2.741597988917291        6.702308445281637E-17    1.4375135095140974       4.741465129569593
6.311211775649554         1.915471268273376        1.201452091863727E-16    1.6636895389636217       4.740656853625377
6.326642125685208         0.22611836024040788      4.950633577871241E-17    0.3555599700515921       4.727798228595666
6.3268171265364685        2.325246958899913        1.0531582215475461E-16   1.622589339885984        4.727652394552947
6.3270378704714565        3.16192446574299         -8.018353737153948E-19   1.1041381399616128       4.727468441273792
6.335910523983412         1.3622072314939988       3.4092853370971367E-17   1.4971751601839391       4.720074563347162
6.338851005268111         3.7592695029914016       -2.6300119273193106E-18  0.377071173268495        4.7176241622765795
6.343109382564785         0.5359777806769802       -4.5109341779163097E-17  0.7735995588868755       4.714075514529349
6.3434009600757015        0.9784536544361003       5.248315637763884E-17    1.231851276610435        4.713832533270254
6.368563854240675         1.7522477697339003       2.5827630070901293E-17   1.641091180165907        4.6928634547994434
6.368962749706403         0.3533231993408636       -1.8342298549061004E-17  0.5368564642379131       4.692531041911335
6.371112356499339         3.906812317901162        -1.3785062311879262E-16  0.15169449345849964      4.6907397029172335
6.371222012287829         1.587985959831551        -5.795780512237197E-17   1.5959351794600316       4.690648323093477
6.374029406722143         3.0132158373863667       7.820391811936533E-17    1.2389140278622695       4.688308827731553
6.374755756448019         2.160273703478288        1.163764364807424E-16    1.655963474988899        4.687703536293323
6.3831789653324575        3.5180674598911477       8.69488469379557E-17     0.7064463280081837       4.68068419555629
6.38416794207376          1.2092939755692027       2.4313498937907684E-17   1.4061599928870192       4.679860048271871
6.384277961524041         0.148654529032314        5.687791876964005E-17    0.2385499779697655       4.679768365396639
6.385335726935109         2.601211668740126        1.4211161376559587E-16   1.5160602205711318       4.678886894220747
6.38891909891868          0.8246013778304695       2.581227161503812E-17    1.0910158662508211       4.675900750901106
6.392499293980301         3.943666556566176        -6.142401321574807E-17   0.09256679870257657      4.672917255016424
6.392521137841867         0.056361860161508626     1.2625825967344651E-16   0.09261282556882026      4.6728990517984395
6.392523364485981         0                        0                        0                        4.672897196261668
6.392523364485981         0.025619027346140286     2.084299680418698E-17    0.04242490617599943      4.672897196261665
6.392523364485983         3.9743938893482618       -8.135685782095893E-17   0.042403654043435296     4.672897196261679
6.392523364485983         4                        0                        0                        4.672897196261682
6.395282568579232         3.6682953367983124       9.813496179850568E-17    0.5069961121737528       4.670597859517311
6.40153108661715          3.849072524535209        5.948796411476789E-17    0.2420544995870789       4.66539076115238
6.40368728517865          2.0147192224482255       1.0146113359370976E-16   1.6665763935377178       4.663593929017792
6.404934155667089         0.09801983960624261      2.1488667650292915E-18   0.15936311227855704      4.662554870277432
6.420863880007396         1.4386760352856787       1.0232752466543268E-17   1.5353814194322497       4.649280099993842
6.4239952281440225        2.8610387690124472       9.137294422993249E-18    1.357755099273972        4.6466706432133185
6.428149166839951         3.303233761729065        1.6774658812084548E-18   0.958992400953964        4.64320902763338
6.429594855582744         0.6485338956645508       -7.963534530783395E-17   0.9056414036801527       4.642004287014384
6.429648884896774         1.8775775858326849       2.995832702977587E-17    1.6604219802122706       4.641959262586025
6.431790082641232         1.05568393901943         9.536486369693373E-17    1.2951113237392262       4.6401749311323135
6.4331262816169925        2.4411116972058418       8.494323056084774E-17    1.5855918627450774       4.639061431985845
6.433282022766862         0.22901514573762127      1.0817793266552373E-17   0.35983860248885907      4.638931647694286
6.459655093871959         3.7729487772759174       1.3193178676004483E-16   0.3569385971482628       4.61695408844004
6.4711577500380875        1.2865690653745105       8.205331616458334E-17    1.4545901256330849       4.6073685416349335
6.473343879564513         0.4521957117208248       -8.741024199942508E-17   0.6684591188269153       4.605546767029576
6.473873495403888         1.6376661859458255       5.651999706332933E-18    1.6119642529970661       4.605105420496765
6.473953252007584         3.118680583772764        2.2313655909837527E-18   1.14523072978743         4.605038956660351
6.476074126608269         2.708841479730531        7.446671098728448E-17    1.4573098985889315       4.603271561159777
6.47823339683418          0.9017199558481431       4.572546171289607E-17    1.164075393590749        4.601472169304852
6.482428854384897         2.2772365328821045       1.6988393266630311E-16   1.6346416270147974       4.597975954679256
6.48376775710488          3.9015420975957165       2.3132234809426016E-16   0.1600573546130346       4.596860202412594
6.48591222617695          0.3188012101470024       9.169574820511883E-18    0.4889877620820071       4.595073144852547
6.495434131665393         0.1492608586385723       -3.712539853791173E-17   0.2394852627636523       4.587138223612178
6.504650024164611         3.9434317303852837       2.6494972090929246E-17   0.09294712888819276      4.579458313196157
6.504672447957112         0.05638093042557395      2.0223502726192835E-16   0.09264371349443412      4.579439626702408
6.50467289719626          0                        0                        0                        4.579439252336431
6.50467289719626          0.02562769564798816      1.197990507584189E-16    0.0424391682532193       4.579439252336441
6.504672897196262         3.974287150175129        -2.9527968674343175E-16  0.042579270272236326     4.579439252336429
6.504672897196262         4                        0                        0                        4.579439252336429
6.507055097474103         1.9634236215320386       7.112579049695288E-17    1.666109236890905        4.577454085438247
6.510726225117639         1.5124254804200712       1.0375624087296115E-16   1.5676129532735024       4.57439481240197
6.511811518098478         3.850241655842212        1.310856791808245E-16    0.24025242291094576      4.573490401584607
6.513377085074628         3.6394045897746787       6.854832010662481E-17    0.5468135795940495       4.572185762437816
6.514907408319021         0.09811266620088283      -2.1128616523993863E-17  0.15951023730603556      4.570910493067486
6.5199535375931434        1.1334893958423116       1.3065161106521204E-16   1.353816405367617        4.566705385339049
6.522020983296716         0.73062789887055         -4.6625552602879435E-17  0.9952893620309197       4.56498251391941
6.522384397135027         2.961417795703627        1.0490018252099634E-16   1.2815315925434927       4.564679669054147
6.5292512187404075        3.443833231192353        5.3248980938562184E-17   0.7980606668769381       4.558957317716331
6.530197455940633         2.5497006748235984       1.7960078122098262E-16   1.5407621533743685       4.558168786716146
6.534066544515764         2.099471656510499        1.2703136959807413E-16   1.6625439123129415       4.554944546236869
6.534485413053728         1.749808934430397        -3.093084915941732E-17   1.640585179462146        4.5545954891218985
6.545174637124852         1.8855164620246736       1.0236771452935413E-16   1.6612056331386065       4.545687802395962
6.545941260892616         0.23128115015668937      -1.2205722063598325E-17  0.363180679253732        4.545048949256157
6.559088022097076         1.363952346086952        1.2260224093632586E-16   1.4981014091465463       4.534093314919105
6.565808222688946         0.5366642180346558       -3.0440352290944335E-17  0.7744368288416149       4.528493147759214
6.567422517555825         0.9794796042022945       -6.980247633191785E-17   1.2327242174003736       4.527147902036819
6.571123846894944         3.7671066453805353       6.492112175403507E-17    0.3655558766049802       4.524063460920885
6.572978311893539         2.807213900802789        9.46541368091113E-17     1.3951690493128117       4.522518073422057
6.574441151885543         3.2387573891503836       7.298498494747661E-17    1.0272833878438865       4.5212990400953865
6.582925993852535         2.3927115994750863       1.3356079492926804E-17   1.6024073331823845       4.514228338456225
6.593758644696498         0.3543922242281374       1.3402253909978894E-17   0.5383229367996599       4.505201129419588
6.595800410606166         1.5903678593563653       4.191601428286077E-17    1.596750628896549        4.503499657828197
6.59870032387532          3.9007946153812574       -4.352388449478565E-17   0.16124159589067436      4.501083063437243
6.607615881352498         0.1496251809737704       -2.0273277579594176E-17  0.24004709546402         4.493653432206255
6.6083053926093145        1.2120785121524247       1.0400886544809949E-17   1.4079915537450276       4.4930788394922425
6.613331355866628         0.8252075430315006       2.0870490901174834E-17   1.0916094512707994       4.48889053677781
6.616806617750418         3.9432404925068574       -2.9793503055922115E-16  0.09325682845071108      4.485994485207974
6.6168224299065415        0                        0                        0                        4.485981308411233
6.6168224299065415        0.02562625325305989      4.204861055633546E-19    0.04243679506518742      4.485981308411232
6.616822429906543         3.9742002238667533       -4.281560249763774E-16   0.04272228170185826      4.485981308411214
6.616822429906543         4                        0                        0                        4.485981308411229
6.616824857097991         0.05637775715673176      -7.221428634098789E-17   0.09263857380204317      4.4859792857516645
6.61987699547396          3.0612349374949352       5.497902715266463E-17    1.1974085031000516       4.483435837105035
6.621790818854128         1.9645481273103176       8.572380109886999E-17    1.6661429853011658       4.4818409842882305
6.625083007457435         2.653310723278838        1.743270147070523E-16    1.4888271245203688       4.479097493785473
6.628009124205553         3.846946272517991        1.2940657167088714E-16   0.2453289443466252       4.47665906316204
6.628753257952148         0.09826062602217091      -2.4812700571889755E-17  0.15974473060933939      4.476038951706553
6.629450850154625         3.676852070347532        3.951079036015466E-17    0.4950696392379988       4.475457624871153
6.6347745823694915        3.5413516717810603       7.284303479727295E-17    0.6767645932907219       4.471021181358761
6.639657597923961         2.236108592793287        1.0145087828925359E-16   1.6434386385038238       4.466952001730036
6.646449674160093         1.4419941091046014       5.304402574129899E-17    1.5369289273858484       4.461291938199927
6.654266141872674         0.6487526163176168       -7.32265994386116E-18    0.9058877117047982       4.454778215106111
6.655770358064985         1.8213329957084543       -1.7310711447935074E-18  1.6533658756572869       4.453524701612516
6.656689649261362         1.0583546721165917       9.920163885803138E-18    1.2972100318647295       4.452758625615537
6.658484284370258         0.23165373496350583      -2.7277678801884274E-17  0.3637297862214506       4.4512630963581215
6.668860063061885         2.9040946476615805       1.073085480414786E-16    1.3260886950290358       4.442616614115099
6.675982559468702         3.3371858421390237       -1.918967572340398E-17   0.9216391764928967       4.436681200442753
6.6784093274741325        2.5005926504886045       1.7120126739895096E-16   1.5622529159486656       4.434658893771561
6.685786677171227         1.6724318775369695       8.716506010528931E-18    1.6219579688108536       4.428511102357313
6.688190532108941         3.767540425537895        7.308777156668198E-18    0.3649170183705492       4.42650788990922
6.697025210649932         1.2919708741844245       1.0671731598504745E-16   1.457789482082015        4.41914565779173
6.69930923482991          0.4524449653709851       7.013596650031515E-18    0.6687805894976623       4.41724230430841
6.7037261196744575        0.9036335133693819       -4.93615939439266E-17    1.1658252195805154       4.413561566937957
6.707373351899019         2.0820737800821294       -1.9208188392677467E-17  1.6638599560929308       4.410522206750822
6.711962368178501         0.3186150580460873       3.442350324111967E-18    0.488726948737766        4.406698026517919
6.716755400362339         3.155925505450167        -5.809078170081698E-17   1.1099317607707413       4.402703833031389
6.717009892203494         3.900810298089296        -1.6263228556576752E-16  0.16121675444903447      4.4024917564970885
6.719529856259315         2.7503806422219044       1.2331682761981274E-16   1.4320537049077693       4.400391786450576
6.71993698155235          0.14973358386895957      -4.239388238516196E-17   0.24021424555733153      4.400052515373047
6.728966694395561         3.943143222350259        -6.449795517184528E-16   0.09341434059760483      4.39252775467039
6.7289719626168205        0                        0                        0                        4.392523364485992
6.7289719626168205        0.025610871981979446     6.990113128750436E-16    0.042411487985099854     4.392523364485958
6.728971962616823         3.974156010159209        -4.529652153527594E-16   0.04279501981344728      4.392523364486
6.728971962616823         4                        0                        0                        4.392523364485988
6.728977751147761         0.05634391836035478      6.24831578044787E-16     0.09258376512717517      4.392518540710209
6.733736445774597         2.351519448657084        1.3778343178416221E-16   1.6151808655065931       4.388552961854507
6.735392822597205         1.5229956813421772       -8.43303078468112E-18    1.5718611999924124       4.387172647835663
6.737934776124942         3.84880639507998         -1.204670966401085E-16   0.24246454729640396      4.385054353229225
6.74298400875198          0.09825091107361357      -3.22142115170285E-17    0.1597293344865248       4.380846659373339
6.74627438135706          1.1389219979790732       3.3079152399346936E-17   1.3577269476815215       4.378104682202454
6.747920155199087         0.7314248614492962       1.7896157219283558E-17   0.9961321324379436       4.3767332040007645
6.749154979525426         3.641123912597077        -7.775364854353091E-17   0.5444634597925265       4.375704183728817
6.763801613842709         2.9975398207550703       1.4530471817798436E-17   1.2520476275033106       4.363498655131081
6.771036079640633         0.23064910221866097      9.784256589643981E-18    0.3622489168834874       4.357469933632809
6.771328459119712         2.59952730789803         1.6417520884196372E-16   1.5169029196185602       4.357226284066911
6.771409352438989         3.458260332071288        1.4594799919156036E-18   0.7806153349613912       4.357158872967514
6.772626486425193         1.911230867786529        1.984711459473979E-17    1.6633833504858626       4.356144594645678
6.774758115760786         1.7444617051618387       1.8810704843156715E-17   1.6394584082796702       4.354368236866017
6.786440278418778         1.3740929081940323       -3.697489098095728E-17   1.5034334635112498       4.344633101317687
6.792037866234534         0.5360912710720686       2.6247852926461136E-17   0.7737380139035873       4.339968444804558
6.7936858636193795        2.208295528633111        9.988624183725657E-17    1.6485887386464402       4.338595113650523
6.794426019621131         0.9840988368831761       1.750804065712463E-17    1.2366436778241197       4.337978316982396
6.798526818290683         3.7658900585267725       -1.5154897454664827E-16  0.3673467921651305       4.334560984757771
6.812980072031834         2.8427668472918945       1.2876065977069026E-16   1.370726683794035        4.322516606640139
6.813858219424935         3.2602482553231154       -3.675089363819121E-17   1.0049059728979362       4.321784817145893
6.818268903061186         0.3539814722968025       1.3174023070145697E-17   0.5377595860240828       4.318109247449015
6.822857741908408         1.6027524567583489       3.398256677539841E-17    1.6009143289118646       4.314285215076326
6.82526483351219          2.4541002863490435       7.706610616455231E-17    1.5807470541407167       4.312279305406512
6.830964641021485         3.900531995248432        -8.354032764840994E-17   0.16165755626542258      4.307529465815442
6.832337934131195         0.14912546258797085      6.126873551925105E-17    0.23927643614991956      4.306385054890673
6.836423280348382         1.22195367360682         -3.0190107537145084E-17  1.414434964160867        4.302980599709685
6.840893562392529         0.8281024507642673       4.91308908303439E-17     1.0944400558730356       4.299255364672896
6.8411214953271           0                        0                        0                        4.299065420560709
6.8411214953271           0.025582357755636987     2.5576259059985537E-16   0.0423645724975877       4.299065420560762
6.841121495327103         3.974159875784331        2.115672973319276E-16    0.04278866035133126      4.299065420560732
6.841121495327103         4                        0                        0                        4.2990654205607255
6.8411270919847675        3.9431517267255285       1.0500718933749836E-16   0.09340056955149857      4.299060756679352
6.841130688791923         0.05628118706240137      4.3110265630126907E-16   0.09248215676352158      4.299057759340069
6.850028513389892         3.848181332013392        -1.6208611652541158E-16  0.24342740166550178      4.2916429055084295
6.853288514082223         0.09796916096169349      3.053666343427113E-16    0.1592827863946814       4.288926238264833
6.856388798151226         3.6773409009086113       -7.659741012328308E-17   0.4943864592246207       4.2863426682073165
6.85798717736282          3.086425459664822        3.7237079340597164E-17   1.1748665502467015       4.285010685530987
6.863311160984941         2.6913875771627622       1.8024307124012352E-16   1.4674930075604202       4.280574032512555
6.865838704798044         3.545629063909282        -8.769858207061397E-17   0.6712628319995497       4.278467746001632
6.876675264111771         1.4585546650267995       6.139215302518395E-17    1.5445153955149011       4.269437279906864
6.879607903387809         2.0674057472748424       4.4627792283877307E-17   1.664773527180968        4.266993413843497
6.88024549488018          1.8063905362591357       -1.3274858884868346E-16  1.6510480731458244       4.266462087599853
6.8820774531457785        2.31676028394023         2.4109825492802057E-16   1.624859551049212        4.264935455711856
6.8821861771581885        0.6495265928815861       4.562464740346127E-17    0.9067589902774934       4.264844852368179
6.883841383133295         0.22768295262773816      2.950884878592607E-17    0.3578717848306951       4.26346551405559
6.885599765627826         1.0674601066801734       -8.385901980361607E-17   1.3043205614029372       4.26200019531015
6.905599095145067         2.9310418970921073       -2.1281959702250503E-17  1.3054837441079723       4.2453340873791126
6.910491005922646         3.348239294642993        -4.038036781228046E-17   0.9092711684919029       4.241257495064467
6.911767734771631         3.764805514754815        -3.5247689360045523E-17  0.36894228962124714      4.240193554356978
6.914435872947909         2.544730788054366        1.4737833608743257E-16   1.5430284868940303       4.2379701058767445
6.915261160472496         1.6808211209072317       2.332658326173539E-17    1.6242186846421196       4.237282366272922
6.916400918341129         2.1983771464487187       1.676671716184082E-17    1.6502693782361946       4.236332568049063
6.927559475895848         1.3083075138457831       8.42979290342875E-17     1.4673172935824175       4.227033770086796
6.927698906455017         0.45019728775540113      -2.7284448219067306E-17  0.6658798137997025       4.226917577954155
6.933408256553107         0.9109965552103308       -3.1363084960774075E-17  1.1725297905150986       4.222159786205746
6.936133515277539         1.9142169992215705       1.1225814140602852E-17   1.663600531990605        4.219888737268725
6.940991872005465         0.31621114248205356      1.5846908535748247E-17   0.4853562847076705       4.215840106662116
6.941288700727028         3.900712319895824        3.755726638700969E-17    0.16137194874843133      4.2155927493941485
6.945037394896261         0.14844457861612476      -6.429542004363131E-17   0.23822605064332522      4.21246883758645
6.951389140965721         3.1708084045038656       -1.1812198242044313E-16  1.0955031999762983       4.207175715861902
6.953271028037381         0                        0                        0                        4.205607476635537
6.953271028037381         0.025541655318891028     -3.4334707538059662E-16  0.04229760213297303      4.205607476635497
6.953271028037385         3.974204339306031        8.843510547232559E-17    0.042715511110515615     4.205607476635512
6.953271028037385         4                        0                        0                        4.205607476635535
6.953283781063562         0.05619164170156027      -3.892734911211362E-16   0.09233711092046862      4.205596849113685
6.953285778213494         3.943249546473268        8.435488751068183E-17    0.09324216672143225      4.205595184822091
6.954714333368854         2.778522078066334        1.5426206849527273E-16   1.4141264058180336       4.204404722192625
6.96154390846338          3.848660688047489        5.920666799973103E-17    0.24268902519491062      4.1987134096138545
6.9641762145598936        0.09770373949033204      -2.7279390217978314E-16  0.158862057187889        4.19651982120008
6.965122105814976         2.4047491244610018       8.511101784773237E-17    1.59840756093669         4.195731578487524
6.968192912299028         1.545649173643999        1.1035370076696824E-16   1.580652219412343        4.193172573084149
6.975290366936145         3.6431392434613774       -6.013189233251282E-17   0.5417055944154892       4.187258027553217
6.977526049501651         1.1546157073782808       -7.564337224147458E-18   1.3688855824118662       4.185394958748627
6.977960404764334         0.7363152297033094       -1.4768487500011875E-17  1.001292000550084        4.185032996029727
6.997658609536322         3.0158202726545977       -8.44744361675434E-17    1.2367121556933094       4.168617825386405
6.997993855897423         0.22827969073256982      -2.373306081849753E-17   0.3587529773872174       4.168338453418817
6.999430193967996         2.1388233967508947       1.7214206608994544E-18   1.658636693547728        4.167141505026679
7.000948771776492         3.463107615908686        -5.791762868933786E-17   0.7747150434458345       4.165876023519595
7.002448196464879         1.7812219882185076       -1.4100519052828718E-16  1.6467234089837255       4.164626502945938
7.00555670156659          2.6306478461041776       -2.1324212133774813E-17  1.500951372585069        4.162036082027847
7.019946958904567         3.768850727759645        7.23387173500792E-17     0.3629862928767397       4.1500442009128635
7.020137085755034         1.3987322226437675       5.265757804038682E-17    1.5160321082971249       4.1498857618708085
7.021314298715218         0.5376570081647168       -6.914283225918152E-17   0.7756470725959309       4.148904751070654
7.02652859339421          0.9984788885658532       -4.06242169516611E-17    1.2487314430632142       4.144559505504831
7.027113802296924         2.2605330523203584       4.914670063297983E-17    1.638384386936934        4.144071831419232
7.031604994184416         2.018822512000943        4.78603840524938E-18     1.666519047100824        4.140329171512989
7.044850543178845         3.268834335116268        -1.300982479434128E-16   0.9958580958458586       4.129291214017634
7.045502611360747         2.862390780830529        -1.0297607629619746E-17  1.3567842254743807       4.128747823866046
7.045781588797337         0.3536022504821118       -5.537760038459609E-18   0.537239354326014        4.128515342668887
7.051138268720912         3.9011119527591305       1.3632727164162611E-16   0.16073889294848587      4.124051442732571
7.054840250561455         2.4867552565865          2.0217095598279875E-16   1.567945550077256        4.12096645786546
7.05737676087193          0.14775517679268144      1.2647699241074458E-17   0.2371621312090371       4.118852699273391
7.0604205358139245        1.6396662379967235       4.893015854086273E-17    1.6125664916502374       4.116316220155064
7.065420560747663         0                        0                        0                        4.112149532710257
7.065420560747663         0.025484639797555133     -1.0020023830811696E-16  0.042203788468587244     4.112149532710309
7.065420560747665         3.974279246035121        -2.5368877789348872E-17  0.04259227444791433      4.112149532710271
7.065420560747665         4                        0                        0                        4.112149532710274
7.065436641661225         0.05606620755462129      -8.279015443520511E-17   0.09213392107871968      4.112136131948985
7.0654420887352           3.9434143412772658       3.679625731547451E-17    0.09297529088243817      4.1121315927206705
7.070731416436671         1.2464290648954524       1.1219280104867076E-17   1.4300545190690253       4.107723819636113
7.0731637026801755        3.849477241896057        1.0312557942887169E-16   0.24143080487856472      4.10569691443319
7.0739683218732585        0.8395112058687598       -8.057615303182868E-17   1.1055273994565926       4.105026398438953
7.078263543026843         0.09738389553270416      1.2020780642716693E-16   0.1583549829257049       4.101447047477646
7.079100430560704         3.6802785450842097       -1.977369996723205E-17   0.4902766712207054       4.1007496411994175
7.086833089005315         2.3654915592749295       6.593184238266203E-17    1.6110066333744932       4.094305759162241
7.089203419754289         3.097831771435459        -1.6584170140132289E-16  1.1644855840112023       4.092330483538096
7.092241216011105         1.881209744434977        -1.3349676067124077E-16  1.6607870313261668       4.089798986657421
7.092845315689229         3.548207841556931        -7.30481345200917E-17    0.667938533059013        4.08929557025898
7.094290617828004         2.7113464984751707       8.992281370642314E-17    1.455827566294632        4.088091151810004
7.107887944213533         0.22530006066455538      2.0442936693761663E-17   0.3543500522178205       4.076760046488725
7.114180833083037         1.4944202256301373       3.684732116118322E-18    1.5601621215617174       4.0715159724308085
7.115637753499801         0.6578558201990012       -1.1627648086165258E-16  0.9161037502609607       4.070301872083504
7.118108630018697         2.1393558844390936       -5.442811784356531E-17   1.6585749739467506       4.0682428083177555
7.12040460861175          1.0911539549138378       4.218345929237029E-17    1.3224995276380185       4.066329492823544
7.133797481050947         3.768002920874738        2.1809215084625824E-17   0.36423569657433186      4.0551687657908815
7.136122997549425         2.944301553687261        -8.752805265189868E-17   1.295122739876595        4.05323083537548
7.138168664813924         3.352835263766893        -8.013731203845598E-17   0.9040986454619847       4.0515261126550675
7.1435114656863306        2.56306650025537         2.710827399513838E-17    1.5345650484542388       4.047073778594728
7.153202179443109         1.7410480255353482       -1.7249911963185388E-16  1.6387266145503592       4.038998183797411
7.158703574305923         0.4527329587465104       -6.334652987758255E-17   0.6691519596044472       4.034413688078399
7.1650749302496815        3.901566493024508        5.629201820295258E-18    0.16001869691936396      4.029104224791937
7.165248393900839         0.31899740187374914      -2.944415080284623E-17   0.48926261045533115      4.028959671749303
7.165681999069427         1.3435989987188357       -4.592368585766934E-17   1.4871407189654533       4.028598334108814
7.169160740035877         0.9328640163572235       -1.0973652882091872E-16  1.1921753301728193       4.025699383303439
7.1700794505179095        0.14765983954095         -2.78211070609936E-17    0.23701497081272546      4.024933791235078
7.177570093457942         0                        0                        0                        4.018691588785044
7.177570093457942         0.025415484832498225     -5.937500596630406E-17   0.042089996858634036     4.0186915887850265
7.1775700934579465        3.9743758258143136       3.091536741679434E-17    0.04243337435001997      4.018691588785056
7.1775700934579465        4                        0                        0                        4.0186915887850345
7.177588474803319         0.05591406663149609      -6.220988263735027E-17   0.09188745153279708      4.018676270997228
7.177595802732834         3.94362681679149         4.904902885711019E-18    0.09263116543707484      4.018670164389304
7.1801755839307795        3.177782489385909        -1.8656217337699323E-16  1.088678503206639        4.016520346724355
7.183049041968068         1.9877808814827818       -1.5360743078753064E-17  1.6666044554761108       4.014125798359948
7.1840484254733425        2.7919807879441376       -4.811388769331107E-17   1.4053193464697442       4.013292978772217
7.185410522679344         3.8501474985416877       6.622018892174069E-18    0.24039759734997349      4.012157897767216
7.189824724689013         2.41507660005868         -9.71672118698785E-17    1.5948797567015542       4.008479396092494
7.192730796354208         0.09725154669804771      -1.9637821207526472E-16  0.15814513477376188      4.006057669704817
7.194578889581878         2.2586880455243605       -1.0224313057152565E-16  1.6387835396261625       4.004517592015104
7.199973289387014         3.64512892202236         5.1701297099262994E-18   0.5389795124689788       4.000022258844161
7.209861680188227         1.5968549668762544       -5.748793322705746E-18   1.5989475342781905       3.99178193317648
7.21575428478675          1.1892131083540451       -5.1302727701468985E-17  1.392760256806289        3.986871429344379
7.215857789590781         0.7556968254682207       -9.830739642704023E-17   1.021545670770891        3.9867851753410206
7.223858097473219         0.2294773883047812       -5.3104696272614425E-17  0.3605207006149757       3.980118252105654
7.225999420369146         3.4647555187800645       -8.043293307823062E-17   0.7727046959180609       3.9783338163590476
7.226463573369628         3.0248583039678807       -9.070152234821656E-17   1.229027273661701        3.9779470221919797
7.232225337304947         2.6412949794993508       -6.019071060058661E-17   1.4953086455287214       3.9731455522458803
7.245386025153722         3.7703203812527737       -3.79464432432618E-17    0.3608190615504312       3.962178312371902
7.2470093687286194        1.8441680601507089       -1.7861713917396085E-16  1.656548502717838        3.960825526059488
7.260928345720179         0.5519891568174505       -9.903599272629145E-17   0.7930269158440683       3.9492263785665203
7.26280853455872          1.4476773732623514       -4.121401100983376E-17   1.5395582149973448       3.9476595545344026
7.264598031678285         1.0325556250050474       -8.621603905859902E-17   1.2766880755377616       3.946168306934766
7.268246979365638         2.0979246304622126       -1.660908881007251E-16   1.6626711528120175       3.943127517195307
7.271604435532561         3.273689468932198        -8.980536904041126E-17   0.9907146403046742       3.940329637056205
7.273850161078166         2.872158382899784        -1.356860148243972E-16   1.3497248979740153       3.938458199101532
7.278815892016485         3.9020383713539406       -2.74009023413119E-17    0.1592708474571873       3.9343200899862674
7.279145036167951         2.492059146579711        -9.578694247598852E-17   1.5657824151113544       3.934045803193378
7.2798356247939235        0.3580696839329315       -4.679793002601488E-17   0.5433603488249571       3.933470312671733
7.283239641158375         0.14775789823360064      6.635165301697804E-19    0.23716633185166303      3.9306336323680244
7.289719626168221         0                        0                        0                        3.925233644859829
7.289719626168221         0.025340649323045635     2.3218245186001994E-16   0.0419668536600287       3.925233644859835
7.289719626168226         3.9744841741279537       7.148708882845547E-17    0.04225510254927213      3.925233644859803
7.289719626168226         4                        0                        0                        3.925233644859815
7.2897392295713255        0.055749428510700395     2.984675420590235E-16    0.09162071469313812      3.9252173086905726
7.289746601453148         3.943865183081498        5.3564234482923605E-18   0.09224506250147246      3.925211165455721
7.297661617251226         3.850922309758038        -4.2803941325411047E-17  0.2392027513499875       3.918615318957318
7.303411846346093         0.09710584160671529      1.478028612142623E-16    0.15791409248029684      3.9138234613782656
7.305268564456648         3.681929724208498        -4.7156961994160623E-17  0.4879635011766366       3.9122761962861303
7.307444342641343         1.7039426715330113       -2.0481794088568002E-16  1.6301458576087473       3.9104630477988835
7.313062338816998         0.8735567294982688       -1.2533426745932417E-16  1.1379689826422357       3.905781384319169
7.3135890462626065        1.2936424503288566       -1.181364488750836E-16   1.4587745883427419       3.905342461447834
7.316435169279664         3.104727935490795        -1.6200662932165632E-16  1.1581567452276038       3.902970692266947
7.318649004743502         3.5487331465838015       -2.6908366858369596E-17  0.6672606836135997       3.9011258293804185
7.321363759881201         2.341957586403609        -1.9856755454499495E-16  1.6179437537920924       3.8988635334323334
7.322071177828563         2.7200204659516647       -1.2293421028843912E-16  1.4506543869211461       3.8982740184762013
7.334897377158656         0.22725520805329602      -4.305622352196878E-18   0.35723995942743225      3.8875855190344564
7.339377226713836         1.948046094929512        -1.7664642646953836E-16  1.6655419965616376       3.883852311071807
7.3586055700840864        3.7693977476503635       -1.839645690994047E-17   0.36217983775409235      3.8678286915965985
7.360943096204813         0.6896869103909143       -9.012791844303345E-17   0.9512831696662891       3.8658807531626604
7.361915059262639         1.556740446434666        -1.2116838571680322E-16  1.5848004034054435       3.865070783947806
7.362469791727201         1.1371071031259692       -1.1007490995918431E-16  1.3564232702184775       3.8646085068940024
7.363247795879441         2.9520281978586573       -2.3230660287239776E-16  1.2890176293675          3.8639601701004707
7.364486909446325         3.357320572531134        -7.249896297818938E-17   0.8990336930765653       3.862927575461402
7.370165993384884         2.569418701482984        -1.3603201006439272E-16  1.531567642667265        3.8581950055125986
7.374267972595048         2.191045526466932        -1.4646563226868872E-16  1.6514590028404073       3.854776689504135
7.389118003002098         3.9023822015663066       5.412196891079473E-17    0.15872581631822205      3.842401664164924
7.397431478761655         0.14734269959173119      2.2680849383103664E-17   0.23652538635164402      3.8354737676986237
7.400100115316309         2.0626313499305935       -2.643662766707588E-16   1.665032214169115        3.8332499039030794
7.401869158878503         0                        0                        0                        3.8317757009345703
7.401869158878503         0.025259427243307927     -1.3007751318642962E-16  0.04183319596190491      3.8317757009345748
7.401869158878506         3.974592201947445        -2.6687560109842106E-17  0.04207734833680887      3.831775700934561
7.401869158878506         4                        0                        0                        3.831775700934576
7.401888218338345         0.05557073993527744      -1.53537228281106E-16    0.09133118858506481      3.8317598180513754
7.4018942251367665        3.944102844284379        1.3259255708497001E-17   0.09186005451891169      3.8317548123860212
7.405438515601826         0.34000686637737776      -5.318861833719986E-17   0.5185094984690616       3.82880123699848
7.405916348116747         3.18451354503331         -1.9526122905823585E-16  1.0820531923469263       3.828403043236046
7.408135560665736         1.8163355278777407       -1.9262231397209266E-16  1.652611400700023        3.8265536994452236
7.408396707780035         0.9795366310735427       -1.0257230917429234E-16  1.2327727136163615       3.8263360768499735
7.408787411422665         0.47807823022611295      -8.938404534160889E-17   0.701564219453467        3.8260104904811145
7.409847801311287         3.8514416743376487       4.273874261618473E-17    0.23840155271908517      3.825126832240596
7.411060023293086         2.799746552617034        -1.7597157263077146E-16  1.4001689381571552       3.824116647255765
7.413152888395555         1.4045375332611638       -1.3195380431577645E-16  1.5189268544605434       3.8223725930037067
7.4143658490691875        0.09680753162831542      -3.378164748848939E-17   0.1574410118055393       3.8213617924423464
7.417169273214448         2.4216629040644966       -1.8084348812082938E-16  1.5925834980566247       3.8190256056546303
7.423498242151063         3.647152285402433        -1.724682105437397E-17   0.5362038952889764       3.813751464874117
7.449732776485086         3.4683973729838034       -5.1017682592464124E-17  0.7682538145892782       3.7918893529290982
7.452455259670778         3.0331028207241264       -1.1127725133055077E-16  1.2219577340882737       3.7896206169410225
7.455742099452054         0.8280185568952988       -1.6295419340194665E-16  1.0943581237575932       3.7868815837899565
7.45732695259541          0.22640449785869277      -3.571244639977821E-17   0.3559829144933853       3.7855608728371624
7.459645388605311         2.6463295749873956       -1.537702916506023E-16   1.4926075335402567       3.7836288428289104
7.4638019319850155        1.244355507497448        -1.473910080018177E-16   1.4287505837294017       3.780165056679158
7.464084845884975         2.2734531725682223       -1.0442760341509924E-16  1.635509734338491        3.7799292950958545
7.4646145599577505        1.6691322645389932       -2.420234923910478E-16   1.6210527256795453       3.7794878667018783
7.470089967749312         3.7716660661481423       -3.0160172643447527E-18  0.358833062524653        3.7749250268755756
7.496050104773114         3.281042347353569        -1.8938254565926274E-16  0.9828877101195256       3.753291579355743
7.49909959207657          3.9027949397628845       3.81500765264127E-17     0.15807142383865033      3.7507503399361934
7.499794343043836         2.880569422476547        -1.4487857990096774E-16  1.3435822884163848       3.750171380796807
7.50696743579441          2.119374036415732        -1.5337743031523718E-16  1.6607290997624247       3.7441938035046642
7.509216145944725         2.4966576176699893       -1.5199618570006576E-16  1.5638880045043229       3.742319878379401
7.509720329686001         0.34797680708986234      -6.509734627244151E-17   0.5295080708695812       3.741899725261668
7.510499281535107         1.0876583606924326       -1.6600138415037428E-16  1.3198469721606598       3.7412505987207467
7.510566955112947         1.9583694293743885       -2.2998087138961757E-16  1.665944539828912        3.7411942040725465
7.510811218465162         0.1479034916359455       -4.189870391607106E-17   0.23739105154403248      3.7409906512790343
7.511904397438958         0.6643493742701135       -1.274629649375344E-16   0.9233489191614018       3.7400796688008704
7.513921853826485         1.5196350834634385       -2.3791988873598386E-16  1.5705206445670108       3.738398455144601
7.5140186915887845        0                        0                        0                        3.7383177570093236
7.5140186915887845        0.025181131100278614     3.892539205335965E-17    0.041704347932343636     3.738317757009353
7.514018691588787         3.9746880723510705       2.5108532726531734E-16   0.04191959038100611      3.738317757009361
7.514018691588787         4                        0                        0                        3.7383177570093546
7.514033536176092         0.05539848842061296      4.288165106497604E-17    0.09105206715131788      3.738305386519926
7.514038382820634         3.944313759172355        1.3014619127710398E-16   0.09151833578877736      3.7383013476494833
7.521838121130787         3.852202119782594        -4.793996459109351E-17   0.23722804478036033      3.7318015657243504
7.528265021375184         0.09688729921610588      -5.929450993143808E-17   0.15756752004793015      3.7264458155206825
7.532123142640026         3.6834215436354567       -2.528915090017472E-17   0.48587162767667386      3.7232307144666485
7.540908909860204         3.1150835336412164       -1.620537287546508E-16   1.1485786304175922       3.71590924178317
7.543254605230567         3.5522283990502483       -8.082164496733022E-17   0.662744582159127        3.7139544956411967
7.545744956969651         0.9302382560858204       -1.512210777100533E-16   1.189837421357373        3.7118792025252945
7.547722528525638         2.727527567756476        -1.1624873859413617E-16  1.4461265158976457       3.7102312262286365
7.558491361764056         2.356520076633943        -1.9353658256873684E-16  1.6137055978987214       3.701257198529955
7.563957433491023         1.3666502487533592       -8.5732281341478E-17     1.4995283719149255       3.6967021387574843
7.5657968531101405        0.23167349765344067      -2.918703331081292E-17   0.36375890879116013      3.6951692890748853
7.568467953594766         0.4832988499453333       -4.041708361405489E-17   0.7081740089261884       3.6929433720043643
7.573617724087939         1.7875846698084346       -1.8369126747645277E-16  1.6478665531248382       3.688651896593386
7.582735084013633         3.7713655297811894       2.0391032052170156E-18   0.3592767332929196       3.6810540966553096
7.586316149199802         3.3686152700625573       -9.200570764451114E-17   0.886205101063165        3.6780698756668357
7.588334240358014         2.9623956246971472       -2.0096846356217537E-16  1.2807477756515795       3.676388133034989
7.5954737785644255        0.799192216241743        -1.2205328228535625E-16  1.0658586110273272       3.6704385178629813
7.595934715295261         2.575044887821634        -2.129210781533765E-16   1.5288847404125867       3.6700544039206195
7.605560594711321         2.2104827978493646       -1.0720593602068766E-16  1.6482070799206279       3.662032837740569
7.612966685274317         3.9031136162414444       -8.651313180000604E-18   0.15756606819850535      3.655861095604743
7.621241635264226         0.14723593128311713      -1.3660957430920604E-17  0.2363605440298591       3.648965303946482
7.622514230912185         1.634329685034244        -2.1487343299627553E-16  1.610952175313687        3.6479048075731875
7.624636388746761         0.3399084493072244       -3.782271869525337E-17   0.5183733513826901       3.6461363427110354
7.626168224299064         0                        0                        0                        3.644859813084126
7.626168224299064         0.02512824123730968      2.133620679628311E-16    0.04161730685064921      3.6448598130840986
7.626168224299066         3.9747565976008796       1.9825563028738765E-17   0.04180682509658238      3.644859813084086
7.626168224299066         4                        0                        0                        3.644859813084091
7.626174267518136         0.055282130722081296     2.701305071441138E-16    0.09086350371297981      3.6448547770682245
7.626178925427287         3.9444645147219353       4.3116973028151344E-17   0.09127406291132872      3.6448508954772527
7.6280409084483685        3.198810772099419        -7.116954413868439E-17   1.0678553052909991       3.6432992429596958
7.633511131654776         3.8525568629489135       3.739308799522315E-17    0.23668044564203375      3.6387407236210207
7.635186392686623         1.2038754901543975       -1.8517737533003028E-16  1.4025774020096262       3.6373446727611514
7.635901572564496         2.8089866351163533       -1.9001209659162856E-16  1.393975260084635        3.63674868952959
7.64219765341918          0.09648343787316285      3.023130966031998E-17    0.15692695737867793      3.6315019554840178
7.644522124741688         2.057583815049951        -1.7132938204191723E-16  1.6652850434351236       3.629564896048597
7.64636729380766          3.6529352752673          -2.1026196962126714E-17  0.5282520732404237       3.6280272551602875
7.648219380009298         1.0322689696513767       -2.208399374177819E-16   1.2764569387084979       3.6264838499922543
7.649816124687851         0.6559593841645864       -1.181540555495949E-16   0.9139811762436515       3.6251532294267927
7.6534184683522035        2.435647783315069        -1.4647925726225204E-16  1.587587920371946        3.622151276373168
7.6606591175780885        0.899788345243878        -1.1784565089208506E-16  1.1623059644744993       3.6161174020182627
7.662145570966964         1.490510176145368        -2.3400504101653936E-16  1.5585083830785749       3.614878690860863
7.668279984095196         3.480780050706837        -5.340729209559853E-17   0.7530376839286078       3.6097666799206736
7.6711492015559655        0.22261909265398724      -5.668571061591364E-17   0.350382129250777        3.60737566537003
7.676137900503594         3.048320567800484        -1.465655029177502E-16   1.2087599946360308       3.6032184162470116
7.682258974145062         1.9010747588043393       -2.0418140169474308E-16  1.6625890819393268       3.5981175215457846
7.683826659566469         2.6554141108897875       -1.2904356710836024E-16  1.4876801430193967       3.5968111170279458
7.692941204852515         3.7735068992705316       9.804910018617817E-18    0.3561138659332605       3.5892156626229066
7.701490992869195         2.3012318398078717       -1.5377312154410348E-16  1.6288580744524872       3.582090839275675
7.711318426209201         2.535679245573009        -1.9673899953302634E-16  1.5471032274426397       3.573901311492339
7.717609409714659         3.289108974842777        -5.262897372732801E-17   0.974249187908253        3.568658825237788
7.719833671777149         1.3515824027637757       -1.9218683195403832E-16  1.4914810914976686       3.5668052735190474
7.72448299629844          2.891976001929118        -1.0256046716224611E-16  1.3351578383260623       3.562930836417968
7.725145108955782         0.4601601744790421       -1.0538431056387035E-16  0.6787055465581613       3.562379075870184
7.726490273508688         3.9031565148225185       5.208031405291138E-17    0.15749803337025212      3.5612581054094234
7.727746064494432         0.3198642045223452       -7.54764880845017E-17    0.4904765453144454       3.5602116129213086
7.732413036650797         0.14577598248487417      -1.905769821572994E-18   0.23410553869586104      3.5563224694576694
7.738312204496227         0.05527306186658716      -2.0742221808837792E-17  0.0908488067076004       3.5514064962531444
7.738317494048983         3.9445119334078522       -1.596778405027396E-16   0.09119722534769034      3.5514020882925204
7.738317757009345         0                        0                        0                        3.5514018691588607
7.738317757009345         0.02512411903026689      -5.815540604808494E-17   0.04161052281834189      3.5514018691588936
7.738317757009346         3.9747781515490237       -2.40159914159572E-16    0.04177135506859179      3.5514018691588825
7.738317757009346         4                        0                        0                        3.551401869158912
7.742509319453363         0.797089727608493        -1.780744546745122E-16   1.0637528652395802       3.5479089004555324
7.7449431828100055        3.8524563346448564       -6.418613503081407E-18   0.23683563676422673      3.5458806809916656
7.751969430934131         3.688332144151916        -3.5090016763340194E-17  0.4789727379264145       3.5400254742215624
7.752155286885952         1.112984032244146        -1.0541730535422929E-16  1.3388344470608955       3.5398705942617092
7.752268301008675         0.09596752757740283      9.593577502800313E-17    0.15610847665012154      3.5397764158261142
7.753146749268685         1.7478702055551318       -2.7711230802929836E-16  1.6401794028138303       3.5390443756094325
7.75780549894569          2.154736455865695        -1.6062123209905872E-16  1.6566902621775534       3.5351620842119265
7.759692286869716         3.5667059049224203       -7.30957311991755E-17    0.6439302531171757       3.5335897609419065
7.761031326510766         3.1372861752355794       -1.0500224466297235E-16  1.1277417315075124       3.532473894574365
7.76763892736528          1.5912457106940971       -2.792009570867124E-16   1.5970499712391792       3.526967560528935
7.770696813618361         2.738028435546733        -1.3474340814152092E-16  1.4397141784685188       3.5244193219847006
7.786336529078782         0.22302401937780655      -1.5855111571900984E-17  0.35098181845491444      3.511386225767684
7.786710818482516         1.4685240252681002       -1.6823783353050351E-16  1.5489722034511588       3.5110743179312407
7.7930907633031365        3.412379672311175        -7.326215892917035E-17   0.8354931921842418       3.505757697247389
7.799171414507667         0.9550492092254059       -1.590505094995403E-16   1.211699102024814        3.5006904879102794
7.799312139584876         1.238829788133388        -1.547901098416108E-16   1.4252582952362252       3.5005732170126067
7.803339029920156         0.6286534766277754       -1.1922054846141517E-16  0.8830869636812143       3.4972174750665386
7.803973289740706         2.0014654119901856       -1.9176007815395804E-16  1.6666657719032096       3.4966889252160827
7.804876480067956         3.774255267010222        -9.134874921475261E-17   0.35500760311936924      3.495936266610039
7.810915514120901         2.431878894113409        -1.801303450108807E-16   1.5889502586747428       3.490903738232583
7.811866716417038         2.5822459936497086       -1.6462513555036162E-16  1.5254123345328614       3.4901110696524715
7.813978492014078         2.9846676187815446       -1.57009374504528E-16    1.2626790335512856       3.4883512566549384
7.819551420206693         1.874647336567363        -2.2360850878742615E-16  1.6601194624043116       3.483707149827759
7.8366032034530155        3.903094456215058        -1.7149211132717672E-16  0.15759645446813023      3.46949733045583
7.8420343486275845        0.34586078066966974      -1.1129716202574232E-16  0.5265931012805193       3.464971376143683
7.843169433147999         3.2312465200284977       -1.6548526798012993E-16  1.0350133362157157       3.464025472376672
7.844518373512945         0.14524477548748135      -8.524582673264819E-17   0.23328460714313207      3.4629013554058825
7.850451203938717         0.05538512687528681      -2.635473340399606E-16   0.09103041467589826      3.457957330051066
7.850458461336408         3.94444187445826         8.551574349762409E-18    0.09131074868885337      3.4579512822196783
7.850467289719624         0                        0                        0                        3.4579439252336295
7.850467289719624         0.02517505767058491      -2.210535982600756E-16   0.04169435298067596      3.457943925233638
7.850467289719628         3.9747463065719364       1.0638989076903319E-16   0.04182376028354         3.4579439252336517
7.850467289719628         4                        0                        0                        3.457943925233616
7.852045889371962         0.48896721689048706      -1.174697153642199E-16   0.715324970153467        3.4566284255233684
7.856102548119759         3.852487316297157        -1.791012512192427E-16   0.23678780956589904      3.453247876566874
7.858302628674348         2.821142358974507        -1.5365999173038337E-16  1.3857188442907435       3.451414476104713
7.860580435813559         3.5145118836481544       -9.957575054991448E-17   0.7109390642868838       3.4495163034887044
7.862069084613036         3.6571348403332697       -5.876025389132831E-17   0.5224600503973457       3.4482757628224734
7.862663275963829         0.09592541549323237      -1.8084335096053223E-16  0.15604165693140856      3.4477806033634697
7.867978710817228         1.6645955036416893       -3.0297782176602453E-16  1.6197932599260967       3.4433510743189766
7.873372540468208         1.3780871567681072       -2.2915474054649668E-16  1.505510173093011        3.438856216276497
7.877123938607291         2.2589556496682537       -1.7808522900008803E-16  1.6387258214603737       3.435730051160594
7.889277677403811         1.1047634786315823       -2.364554561000403E-16   1.332729821170074        3.4256019354968283
7.892025345131398         3.081241941074915        -9.469321592423522E-17   1.1795482770252306       3.423312212390506
7.8962929843708904        0.2199666276595459       -6.381195036790875E-17   0.3464504972309461       3.4197558463575928
7.9056515123228985        0.7840905851424143       -1.7318659467507017E-16  1.0506517895252856       3.411957073064254
7.907201028474574         1.7844991939772068       -1.3598116297165824E-16  1.647316417751471        3.410665809604527
7.909800308189384         2.668405512720926        -4.8555261288404815E-17  1.4805141960684498       3.4084997431755144
7.912982125849759         1.5311699843405076       -1.523961677415504E-16   1.575082673506968        3.4058482284585354
7.913483069878903         3.7743428775157946       -4.370689811590112E-17   0.3548780637537378       3.405430775100918
7.914786122446888         3.369020151147392        -1.1083435223597847E-16  0.8857432607301562       3.40434489796093
7.917840271038649         2.103645361163664        -1.658784546239714E-16   1.6621906829621906       3.401799774134463
7.929210173203008         0.5944718061252112       -1.2917468059872714E-16  0.8435377067596149       3.3923248556641634
7.934852580459682         2.5279431487619948       -1.4682494313349062E-16  1.5505316798646975       3.3876228496169376
7.945964890412288         0.4414795703590487       -6.355494191242958E-17   0.6545891959965776       3.378362591323096
7.946433724069655         3.902950919264962        9.682402917707212E-18    0.15782408286193164      3.377971896608624
7.951177059404432         1.9383271125099533       -1.7173867384874288E-16  1.6650818562286016       3.3740191171629768
7.9516031367386475        0.3117228000719554       -1.3337137836820023E-17  0.47905004008463425      3.373664052717796
7.953789605402131         1.2521310498175175       -2.3251620619435003E-16  1.4336216805637312       3.371841995498226
7.956692897471286         0.14541170432681844      -5.1194143704339066E-17  0.23354260564668497      3.369422585440597
7.962594580742476         0.0555812426106274       -2.4416697330670417E-18  0.09134820663015346      3.36450451604795
7.962606412571382         3.9443069237818693       -1.236949871417276E-16   0.09152941088911833      3.3644946561904887
7.962616822429906         0                        0                        0                        3.3644859813084347
7.962616822429906         0.02526420118664882      1.354551811708252E-17    0.04184105203541495      3.3644859813084174
7.962616822429908         3.974684965355395        -2.9553293289802264E-16  0.04192470316640072      3.3644859813084027
7.962616822429908         4                        0                        0                        3.364485981308405
7.96583416735644          3.210039527115706        -1.556379398262909E-16   1.0565851428406674       3.361804860536303
7.967374528378373         3.852395560221148        8.347540054803194E-17    0.23692945353040792      3.3605212263513535
7.967447966765234         2.942908846895577        -2.1798178618979134E-16  1.2962178776858568       3.3604600276956416
7.974325189665539         3.6819644143736943       -4.6252058206574404E-17  0.4879148786585653       3.354729008612053
7.975550492014246         2.787996557841888        -1.9401282153486022E-16  1.4079422603455585       3.3537079233214655
7.976245793899418         0.09617502525935587      3.786855918352761E-17    0.15643769398074414      3.3531285050838235
7.977536635225151         3.54257789760733         -9.892302768570309E-17   0.6751889290888967       3.3520528039790425
7.986337475931696         2.381448598017954        -1.3961631811444695E-16  1.6060404029458921       3.3447187700569203
7.995924818932124         0.9497356434160095       -2.327182504094227E-16   1.2070603255371746       3.3367293175565647
7.997473823098029         1.6682678349917892       -1.913416149469639E-16   1.6208140711245702       3.3354384807516446
8.004355838076878         2.609260453289252        -1.1121315011062415E-16  1.5120007083574079       3.3297034682692717
8.009742907189494         3.0865479804830116       -1.4238270220655357E-16  1.1747556192117883       3.3252142440087566
8.010627994264327         0.22324957821604102      1.0769987750708183E-17   0.35131580778771854      3.3244766714463974
8.011901857181062         2.6888102594490757       -1.4210122619872464E-16  1.4689751776990418       3.3234151190157832
8.015043744421963         0.6688153385140878       -9.543205818040718E-17   0.9283114154269331       3.3207968796483653
8.015534567721318         1.401428112930916        -1.2078905354712707E-16  1.517379873337733        3.320387860232239
8.027251964655841         3.774858472135897        -2.6153870597532942E-17  0.3541155849530957       3.3106233627868025
8.035312799110113         1.119851148953026        -1.7544606243620804E-16  1.3438908333336228       3.303906000741574
8.036609135993533         0.5148861557998106       -6.196942643722639E-17   0.7476820290687237       3.302825720005391
8.042951558483225         3.3494398020554916       -1.2155376625052786E-16  0.9079217585951823       3.2975403679306505
8.04483015731681          2.052729019906           -2.741476549714001E-16   1.6655081876915652       3.295974868902666
8.050721970789741         1.809906661565741        -2.9603780207051516E-16  1.6516102177845509       3.2910650243418864
8.055913959780884         0.3472602404957608       -2.6680213677645467E-17  0.5285213697307795       3.286738366849264
8.05751774108235          2.203292074653602        -1.9701287637709116E-16  1.649446805159599        3.285401882431377
8.060269993081606         3.9024780564692754       -1.6578976343089743E-16  0.15857385193870344      3.283108339098663
8.06145013803275          2.7473919544963055       -1.4547169784087672E-16  1.433918860980915        3.2821248849727107
8.065211078787996         0.7901053572008429       -3.7078370034432423E-17  1.0567312305524592       3.278990767676673
8.068355012597529         0.1472911298197924       4.2234758109869184E-17   0.23644576764815797      3.276370822835394
8.072304850893095         3.661288141578168        -6.947877642207904E-17   0.5167173794382323       3.2730792909224236
8.074743141191966         0.05580223899463516      -1.5661544567234793E-16  0.09170627754238606      3.271047382340025
8.074761957841112         3.944205471028727        -5.657407956307574E-16   0.09169378600915218      3.2710317017991017
8.074766355140184         0                        0                        0                        3.27102803738316
8.074766355140184         0.02536465408847053      -2.1065940189843392E-16  0.04200635444868941      3.271028037383183
8.074766355140188         3.974638850467603        -4.0581386374634405E-16  0.04200058759332627      3.2710280373831897
8.074766355140188         4                        0                        0                        3.2710280373831906
8.077884950569924         3.850834552785253        -1.0723774281207591E-16  0.23933810759008864      3.2684292078584023
8.081360758985944         2.855753788166404        -1.4540890407960276E-16  1.3615356058495218       3.2655327008450485
8.083897248595807         2.5159122339967652       -1.7074319297234337E-16  1.5557644028385291       3.2634189595034973
8.084787224089498         1.542381994087825        -1.3850394279120678E-16  1.5794107336104035       3.2626773132587545
8.08827172232553          2.6505186438786574       -1.0697849876425918E-16  1.4903439558192817       3.2597735647287283
8.089922742299118         0.09706966501054402      -3.009012486546271E-18   0.15785672507371543      3.258397714750743
8.09900649319249          3.181854670052358        -1.275742966247273E-16   1.0846748078647648       3.2508279223395937
8.110675869581376         1.254366671722826        -1.1542674811901418E-16  1.4350128915676281       3.241103442015525
8.113871116248326         1.9415102083638747       -2.786580330242101E-16   1.6652412267809857       3.238440736459729
8.116443244423847         3.510492514819202        -9.887007237135137E-17   0.7160051511146518       3.2362972963134635
8.119052444689347         0.22853052887634728      1.711753059227487E-17    0.3591232970320362       3.2341229627588812
8.12353180501028          3.0192887146994227       -1.0561919807714401E-16  1.233771048369334        3.230390162491438
8.124329193728327         1.0123908616466695       -2.9309670650982674E-17  1.260261745767081        3.229725671893065
8.13221857200433          3.764877640075005        -6.230278941228664E-17   0.3688362148180344       3.223151189996394
8.1383481175054           0.6275992673249076       -5.830669593051487E-18   0.8818817620636965       3.218043235412169
8.143569088394155         1.6885366048921346       -2.1577359253903774E-16  1.626246063961619        3.213692426338207
8.15040798754029          2.753581974418739        -1.737809133577656E-16   1.4300475865963158       3.207993343716428
8.152519925801615         0.8818976380607539       -1.0968983814937077E-17  1.1457696284274508       3.2062333951653224
8.15365317134757          2.3606342971928114       -1.2234175740365207E-16  1.6124762098701044       3.2052890238770275
8.157576721279963         0.4465179303976158       5.7031781779793375E-18   0.661122274759956        3.2020193989333663
8.16879542346404          0.3171598393056405       1.8874085665219793E-17   0.4866870806475764       3.1926704804466364
8.173582350863047         3.901903372067712        -7.213785844339611E-17   0.15948481804894413      3.1886813742807973
8.173769386881034         2.083203188856597        -2.1580486668336861E-16  1.6637821789017073       3.188525510932477
8.179362000094432         0.1488727138925565       -2.813182771592165E-17   0.2388865710952048       3.1838649999213082
8.183980385877225         1.3992394226958214       -1.6861301612144295E-16  1.5162861369821472       3.1800163451023136
8.184192115246168         3.6497486426690022       -6.818398398264582E-17   0.5326372566715775       3.179839903961529
8.185242964176446         1.1159255581771115       -5.77777898768838E-17    1.3410051588814798       3.1789641965196282
8.186895550041594         0.05600195009857152      -1.3400853262831463E-17  0.09202982582476807      3.1775870416320013
8.186915887850468         0                        0                        0                        3.1775700934579474
8.186915887850468         0.025455431862987057     3.134091109872243E-17    0.04215572851692373      3.177570093457939
8.186915887850468         3.9746420412652297       -4.8033916683852567E-17  0.04199533702828628      3.1775700934579176
8.186915887850468         4                        0                        0                        3.177570093457938
8.186920113017099         3.944212490783505        -6.119001942876494E-17   0.0916824127839159       3.17756657248575
8.18976696255157          3.84742053907489         -5.739208466100168E-17   0.24459889658510112      3.175194197873694
8.19757720263655          3.3311687977619653       -1.0324066287576234E-16  0.9283290132770692       3.1686856644695447
8.199613182306775         0.09778296690887264      -9.231369375816614E-17   0.15898764959082887      3.1669890147443494
8.201561586465715         2.6162634162208502       -2.7889741998659565E-16  1.5084247507615878       3.165365344611908
8.204554713594817         1.8255633297534761       -2.559996720301658E-16   1.6539882700305457       3.162871072004321
8.204909232897403         2.8887437965234715       -2.338652440043211E-16   1.3375560267254374       3.1625756392521667
8.218919917263694         0.7249796248873762       -1.759792892161026E-17   0.9893012679365275       3.1509000689469233
8.229972786024682         0.23026768044305276      -1.1613333978694101E-17  0.36168646546482824      3.141689344979433
8.23083201420595          3.137891314054649        -1.1582023422017738E-16  1.127168065582911        3.140973321495045
8.23341419282507          2.222048172162933        -1.2128528676762615E-16  1.6461227538496266       3.1388215059791125
8.243489031531873         3.7614165338515773       -1.460184910479928E-17   0.37392158094762346      3.1304258070567754
8.245034225689661         3.5058157639626644       -9.32302546472394E-17    0.7218828687506412       3.129138145258618
8.248465531709492         2.49091854935286         -1.5498272974017782E-16  1.5662495741255364       3.126278723575426
8.251183892349234         0.5402502581846824       1.9316274745672727E-17   0.7788044546958814       3.124013423042307
8.252441082852194         0.9756651912114693       -1.7051096519421835E-17  1.2294742497934028       3.1229657642898445
8.254426557762324         3.0039180096167986       -2.27419758868118E-16    1.2467285958196037       3.1213112018647307
8.255184222018372         1.565649330351806        -1.5136448334151512E-16  1.5880581232400706       3.1206798149846935
8.268692576774477         1.719450478602171        -2.2077633173112462E-16  1.6338716525181056       3.1094228526879406
8.269252788434265         2.7574463701450425       -2.3117523281668196E-16  1.4276145818142096       3.108956009638114
8.277025793931035         0.3530016570999332       6.259142867727839E-17    0.5364151910351813       3.1024785050574737
8.283755255692547         3.8997682775228175       7.589180998428098E-17    0.16286687154916124      3.0968706202562117
8.288307052821557         1.238848123432589        -4.9118722368229586E-17  1.4252699253324634       3.093077455982037
8.289807640637463         0.8173604288245417       -2.7332293331541706E-17  1.0839015186208043       3.091826966135447
8.290087459519864         1.9660400896414443       -2.1876768706033686E-16  1.6661861352035177       3.091593783733452
8.290747069394136         0.14933239723427258      1.6598072586907475E-17   0.23959559336389843      3.0910441088382226
8.299049769633985         0.05615704456834395      2.987191814180023E-16    0.09228106859113529      3.084125191971691
8.299065420560746         0                        0                        0                        3.0841121495327255
8.299065420560746         0.025525929349247252     2.7464785049312724E-16   0.04227172680326919      3.0841121495327157
8.299065420560746         3.974686165373566        -5.3043725045482875E-17  0.041922728450933484     3.084112149532705
8.299065420560746         4                        0                        0                        3.0841121495327117
8.299074293559752         3.9443095638218457       -4.782956916489757E-17   0.09152513334620989      3.084104755366866
8.30039178696511          1.0944313520960893       -1.8855023902116007E-17  1.324977259972286        3.083006844195745
8.300674980711563         3.650174733561803        -1.351455003310299E-17   0.5320513952975973       3.082770849407033
8.301717243264584         2.1130919088529483       -1.4482246586736243E-16  1.6613375917300002       3.0819022972795147
8.309796974756495         0.09805077754946334      1.1463371682759961E-16   0.15941214800824974      3.07516918770292
8.310737678975949         3.834243739599312        7.604906999128771E-17    0.2648124598919717       3.0743852675200434
8.313369062525485         3.391717852437954        -1.3799445790139076E-16  0.8596339246689549       3.07219244789543
8.313978580539063         2.3525377863930736       -1.1785668379546342E-16  1.6148821288187813       3.071684516217448
8.328849418149872         2.624403037876972        -1.978341376348942E-16   1.5042170192875053       3.059292151541776
8.33332039781438          2.9063588104475553       -2.2699393014405044E-16  1.32438071113504         3.055566335154687
8.335403819935193         3.2409696669514383       -1.4949684880759623E-16  1.0249976190443493       3.0538301500540084
8.33987182876924          0.633176622166167        3.4430815177312075E-17   0.888247439086214        3.0501068093589683
8.341019159981458         0.2295051545115823       5.0566190024962434E-17   0.3605616675412269       3.0491507000154527
8.349401488730196         1.3927557273949709       -9.374752155456446E-17   1.51302266391183         3.042165426058174
8.352607334844908         1.813367168969207        -1.3836816827770272E-16  1.6521534109922646       3.0394938876292446
8.356238826792318         3.7622650146881846       3.302303600260605E-17    0.3726758408358554       3.0364676443397376
8.362148531419887         1.0180569076812094       3.623925686638297E-17    1.2649115681030891       3.0315428904834287
8.364461224704106         3.5229697213061906       -4.8909001481556773E-17  0.7002346783268941       3.029615646079914
8.37109011062748          3.8971078367270136       7.806621661501422E-17    0.16707577326206288      3.0240915744771013
8.380995534730943         0.4502726718619708       7.735373678996313E-17    0.6659771701759026       3.0158370543908837
8.381216949576993         3.061579879162042        -2.5421664883669126E-16  1.1971034000659613       3.015652542019176
8.382016348722292         2.21077876108562         -1.432746195059374E-16   1.6481551307813394       3.014986376064759
8.383953327735314         0.892377873919971        4.606565184059168E-17    1.1554888440908162       3.0133722268872414
8.392740053550202         0.31895045179531123      4.1336860242321333E-17   0.4891968402003387       3.0060499553748348
8.393922156830945         1.6644567628608984       -2.1439667400753954E-16  1.6197544733375902       3.0050648693075477
8.394847391331389         2.488804194050623        -2.5331697310455238E-16  1.567112691616052        3.004293840557178
8.3974029302796           2.7695404129473693       -1.9468985865418088E-16  1.4199198136836648       3.0021642247670024
8.402754627304379         0.14950284161794453      1.0757013847572086E-16   0.2398584445083076       2.997704477246352
8.411203943082807         0.05626295296623482      -1.6311745706712904E-16  0.09245262166185775      2.990663380764336
8.411214953271028         0                        0                        0                        2.990654205607461
8.411214953271028         0.025574069530106738     -2.3242071343955765E-16  0.042350935453373525     2.990654205607468
8.41121495327103          3.9747306174052497       7.423985129849743E-17    0.04184957861761735      2.990654205607475
8.41121495327103          4                        0                        0                        2.9906542056074708
8.411222925097098         3.9444073582915493       -2.787916927287994E-17   0.09136667709236593      2.990647562419086
8.41574008689383          3.653286647624026        -4.186992443137793E-17   0.5277680253283794       2.986883260921811
8.420642953909287         3.831440715849871        1.0337292217824545E-17   0.26909371013637995      2.9827975384089283
8.423477325463898         0.09813357125401316      1.2518693420887995E-16   0.15954336967041094      2.9804355621134277
8.42475907916399          3.3814414153778434       -4.097354768946314E-17   0.8715081732828596       2.9793674340300096
8.424965951072739         1.2729585616830548       -8.70519007463593E-17    1.4464211445708461       2.979195040772719
8.425129638595497         0.7330642560561157       5.7452475901907384E-18   0.997864091965566        2.979058634503755
8.426677878703527         2.063733710213982        -1.9461792475114978E-16  1.6649741725759848       2.977768434413733
8.428991232116855         1.1284643979642293       -4.1505645379000047E-17  1.3501773726600628       2.975840639902622
8.439389933644845         1.5175712380369608       -1.8034613965072527E-16  1.5696927040128388       2.967175055295965
8.453961942115576         0.2305308140537153       1.697289909761012E-17    0.3620744999944139       2.9550317149036895
8.454823822883064         1.9186668872284272       -2.598973540443095E-16   1.6639103853195378       2.954313480930781
8.462080699392194         3.7552333131220452       4.277514170473385E-18    0.3829816735444203       2.94826608383984
8.463243296079721         2.6318130110590734       -2.8071629453913945E-16  1.5003384662735295       2.947297253266903
8.46874665353886          2.9161435902558814       -2.3273683151289296E-16  1.3169503841804444       2.942711122050952
8.47151085708459          2.3420950425706777       -2.5842050710341943E-16  1.6179045757702377       2.940407619096178
8.47319434903861          0.533132493182315        3.0209314387434897E-17   0.7701248822676962       2.939004709134492
8.475303385338325         3.2109175046239864       -1.2446492388055523E-16  1.0556994987480086       2.9372471788847325
8.48231755566386          3.5253178347530945       -3.806853400980361E-17   0.6972522929100554       2.931402036946785
8.48232429602709          0.9699277266973229       4.4541145321566343E-17   1.224562963238774        2.931396419977428
8.489558766432795         3.902067303232466        3.2715909914304556E-17   0.15922498915582264      2.925367694639338
8.500282311691743         0.3537377497561538       9.714671356190352E-19    0.5374252514258622       2.9164314069235497
8.5003641658822           1.7615473049917723       -1.5632822276136425E-16  1.6429751301013822       2.9163631950981723
8.50458138694644          1.3622676881695939       -1.5868530580610213E-16  1.4972072910197705       2.9128488442113025
8.515378167956376         0.149771437013478        -7.261323243392173E-17   0.24027261029534594      2.9038515267030216
8.521750731413814         2.7813539102648615       -2.0003143142618694E-16  1.4122858612140892       2.8985410571551564
8.522887241930666         0.8177714020017007       1.1677999537454677E-17   1.0843064758645742       2.8975939650577796
8.523356903556534         0.05633104506871982      -2.618537909070757E-16   0.09256291401514388      2.8972025803695503
8.523364485981308         0                        0                        0                        2.8971962616822395
8.523364485981308         0.025605020485781733     -1.448544057150623E-16   0.04240186036210392      2.8971962616822275
8.523364485981311         3.974753454206177        1.3146996612955748E-16   0.04181199795865548      2.8971962616822267
8.523364485981311         4                        0                        0                        2.8971962616822573
8.523369809394357         3.9444575992535893       1.262004944009364E-16    0.09128526862707013      2.8971918255046947
8.52405696191162          3.6595490425971624       1.1834879014879713E-17   0.5191237396728511       2.896619198406985
8.532314062677472         3.064428631303333        -1.5380422512147902E-16  1.1945798703590482       2.8897382811021104
8.534151641234992         3.8377270877302045       4.1909238806674745E-17   0.25948297959277555      2.8882069656375076
8.538101404162585         0.09836426732686368      -2.398222651746524E-16   0.15990897509196014      2.8849154965311707
8.543097628028463         2.4911485954857175       -3.2091596544766356E-16  1.5661554404801714       2.8807519766429484
8.543848466094758         3.3698163445372282       -6.808386906944705E-17   0.8848346592661115       2.8801262782543695
8.544799339916917         2.1711659463201087       -1.7482464483544916E-16  1.6544592578418107       2.8793338834025732
8.547294707820866         1.609155056213473        -9.767222541421065E-17   1.6030167624652127       2.877254410149281
8.551434149576288         1.2114140007223635       -7.342332150391039E-17   1.4075550507263728       2.873804875353095
8.562493091006216         0.6440871036991143       -1.3053765862725992E-17  0.900625090685394        2.8645890908281566
8.56653052855886          2.0086195617277225       -1.9472080687613533E-16  1.6666357096481776       2.861224559534286
8.567112676232954         0.23098957276290843      -5.755167620250084E-17   0.36275087846935145      2.86073943647254
8.572879031286334         3.7778020533351513       7.57185556029643E-18     0.3497582746488835       2.8559341405947243
8.583898641822152         1.0484605990061246       -1.0679725464893902E-16  1.2894053201484248       2.8467511318148744
8.593558340045563         2.635694659371976        -2.1823184720739309E-16  1.4982884583524794       2.838701383295367
8.600199152537051         3.2037252584549982       -1.0351453204004961E-16  1.0629356258989375       2.833167372885793
8.600922273895703         1.4580126548450478       -1.135272376641959E-16   1.5442707157049542       2.832564771753583
8.605003379837852         1.8565647993049879       -1.1961808024796177E-16  1.6580943096673273       2.829163850135125
8.608566321108306         0.44944862619062653      1.019441401766308E-17    0.6649126821574441       2.8261947324097467
8.618264635452547         0.8936316662700191       -7.79938145475133E-17    1.156645462549812        2.8181128037895466
8.618699882132592         3.903770263418632        -3.3093361838831514E-17  0.15652449338456353      2.817750098222844
8.62256542225832          0.31719890907667725      -5.284418578787789E-17   0.48674187016136494      2.814528814784735
8.627688648104739         3.546202665259126        5.799173623230543E-18    0.6705238824773234       2.810259459912721
8.628354685800273         0.14953171489664127      -4.574007426377107E-17   0.2399029690944312       2.8097044284997743
8.632140537700801         3.6804318806222747       -1.4643791573260331E-18  0.49006195607845254      2.806549551916
8.635508707123204         0.05638024159879258      1.4828321214778532E-16   0.09264259781351343      2.803742744064002
8.635514018691588         0                        0                        0                        2.803738317757031
8.635514018691588         0.025627382544905722     1.5695000663899906E-16   0.042438653101466654     2.803738317757036
8.635514018691588         3.9747667983559363       8.489265207434733E-17    0.04179003837960193      2.8037383177570083
8.635514018691588         4                        0                        0                        2.803738317757002
8.635517874464162         3.94448695638306         -1.6306956815016973E-17  0.09123769852339349      2.8037351046132026
8.641605581506127         3.8500053575415447       -6.583395603436696E-17   0.2406167404448256       2.7986620154115633
8.645557004874597         2.749308845506496        -2.0340166645166268E-16  1.4327234391857189       2.7953691626045045
8.648481209763613         0.09830981357507705      6.055037027658286E-17    0.15982268118964246      2.7929323251969964
8.649002170750272         2.915208525684081        -2.092918610716649E-16   1.3176638977146558       2.792498191041443
8.649693369381511         1.7027862955369948       -1.6008362881449494E-16  1.6298600057830754       2.7919221921820747
8.650336014569902         2.3381501151613584       -9.026453638925198E-17   1.6190227081734851       2.791386654525085
8.657511189021827         0.7251032017121926       2.637232604946591E-17    0.9894325640481251       2.785407342481814
8.663605561576873         1.3020348693380446       -1.0814120569040042E-16  1.4636852818250181       2.78032869868594
8.665730523231783         2.074315956082186        -1.3106520504373637E-16  1.6643654744464977       2.778557897306849
8.66623717892119          3.1012276460447956       -5.032723907022802E-17   1.161374029827767        2.7781356842323457
8.676631701101414         3.361584543506102        -8.757936477054033E-17   0.8942031378688674       2.7694735824154915
8.681956235262904         0.22870217710923157      -3.2358713289151885E-17  0.3593766760926769       2.7650364706142483
8.69027020873357          3.7612666765635283       -3.518817612012048E-17   0.37414153917786014      2.7581081593886942
8.697721441913682         2.1863522015883934       -1.8153746053500485E-16  1.6521970237346513       2.7518987984052674
8.699601586469202         1.5500785743962233       -1.9534630018945107E-16  1.5823211294927786       2.7503320112756686
8.701640522638414         0.5325372367293528       -1.617620489714762E-17   0.7693970993391992       2.748632897801325
8.705341760451903         2.5161351339585307       -1.9132249013252746E-16  1.5556685514556723       2.7455485329567506
8.709512627822148         1.9508732422852193       -2.0224519389651394E-16  1.6656610673651822       2.742072810148212
8.711099437338788         1.120851531472251        -1.3241296983634723E-16  1.3446241542855488       2.7407504688843454
8.712003307743892         0.9640176184122794       -8.125673646076258E-17   1.2194752104332656       2.739997243546759
8.714939465567502         2.6575855434323286       -2.276561722838945E-16   1.4864921887786717       2.7375504453604163
8.727039361191192         0.3533443866911492       -2.9338371857444255E-19  0.5368855379826889       2.7274671990073407
8.730989664389641         3.90141704435607         -2.9926422445923866E-17  0.16025550976342814      2.7241752796753027
8.734961350918416         3.654533313449065        -7.173637042643863E-18   0.5260497977863575       2.72086554090132
8.74096364467762          0.14945490666440733      4.216734897551431E-17    0.23978452397148461      2.7158636294353187
8.747660420705467         0.05641915098603107      2.4967513174469658E-17   0.09270561806089159      2.7102829827454458
8.74766355140187          0                        0                        0                        2.710280373831763
8.74766355140187          0.025645068630014124     -1.5738756328731076E-17  0.042467752072924324     2.7102803738317736
8.74766355140187          3.9747803511021096       -4.204508884449119E-17   0.04176773537542878      2.710280373831775
8.74766355140187          4                        0                        0                        2.7102803738317713
8.74766673844786          3.9445167724246413       -4.387379652490864E-17   0.09118938406635638      2.7102777179601167
8.749104280738749         1.7968671827803766       -1.4317080095330492E-16  1.6494737744035095       2.7090797660510475
8.751118169882782         0.8159208022939815       2.5408160942170267E-17   1.0824818556499476       2.707401525097684
8.751659202874997         3.2019268734359185       -1.0126119106444915E-16  1.0647382462135668       2.706950664270838
8.754512806838562         1.3988570000539098       -1.037754612587406E-16   1.5160946223399243       2.704572660967866
8.758591670502366         2.788235097702147        -1.9607629469434152E-16  1.4077855961460377       2.7011736079146993
8.759012038869303         0.09829955714635455      2.2591380311994052E-17   0.1598064273542705       2.700823300942251
8.759243159804184         3.8384498890241336       -2.5154280814355142E-17  0.2583758356446462       2.7006307001631815
8.774631573025527         3.517664387070721        -1.8379114533350538E-17  0.7069561700905221       2.68780702247873
8.7874550529362           2.39699562850828         -1.7495559991490584E-16  1.6009976962272165       2.6771207892198357
8.789093607207013         0.6448404637797167       -4.1057243522964844E-18  0.9014760964130121       2.675755327327493
8.790004717641015         3.045111412318662        -1.972646694824104E-16   1.2115592232672066       2.6749960686324883
8.792914146706718         0.23064099884237482      2.293669466010668E-18    0.36223696875937145      2.672571544411071
8.796843192976675         1.6423349278586514       -1.5307778646383691E-16  1.6133648734042196       2.6692973391861057
8.800791591185565         3.7663775654090013       -1.9722680706689642E-17  0.3666292901749042       2.666007007345364
8.801361767006728         2.596802775171682        -1.3371585984582013E-16  1.5182610198114093       2.665531860827731
8.802475071359593         2.2632159408077324       -1.6711940165561685E-16  1.637798903543627        2.6646041072003404
8.809235082397679         1.2415140237076523       -9.042961402847708E-17   1.4269579265699364       2.6589707646686027
8.811718072514699         1.0085728493439086       -4.900089443889201E-18   1.2571134187258113       2.656901606237752
8.819640660696583         3.898504725117533        -2.6263124492674935E-17  0.164866586961           2.6502994494195122
8.820245413097133         2.6882722452343466       -2.581002655332652E-16   1.469283881850031        2.6497954890857227
8.829019517600548         2.0754330911327274       -2.7287979802233557E-16  1.664295770317569        2.64248373533288
8.829449074424863         3.3487838957752256       -2.3161101725867792E-17  0.908659167707253        2.642125771312616
8.833992076660554         0.4498129123874184       -2.9039858813120305E-17  0.6653833305830098       2.6383399361162074
8.8380629032032           2.9081368218324575       -1.823878546511109E-16   1.3230364636800191       2.634947580664003
8.841687536965093         1.8934388626833154       -1.5246509718179539E-16  1.6619353016724079       2.631927052529089
8.842051541084496         0.88761599799997         -4.246227800328065E-17   1.1510840967060003       2.6316237157629225
8.847585404371097         0.3176656151434526       -4.94607733428928E-18    0.4873962573038929       2.627012163024089
8.848435619376655         1.4889909886633854       -7.64378534553797E-17    1.5578624126386582       2.6263036505194575
8.851189919938765         2.4972918056241955       -9.325239237039017E-17   1.5636253583579298       2.624008400051032
8.85134323179924          3.650829493357445        4.0157051581498904E-17   0.5311508266088344       2.6238806401673016
8.853228233785126         0.14948411684121066      -1.5489338804180842E-17  0.23982956924043597      2.622309805179064
8.859812915675583         0.05643900476906791      -1.4010079412446527E-16  0.09273777409039545      2.616822570270348
8.85981308411215          0                        0                        0                        2.616822429906522
8.85981308411215          0.02565409307684905      -1.434157351329913E-16   0.042482599923250236     2.6168224299065588
8.859813084112151         3.9747884045162984       -1.2615883094977968E-16  0.04175448224498807      2.6168224299065335
8.859813084112151         4                        0                        0                        2.616822429906547
8.85981650161351          3.9445344899358568       -1.167606255086374E-16   0.09116067393745725      2.6168195819887448
8.86648621441055          1.103764519018945        -6.41816789820527E-17    1.3319841510961083       2.611261487991207
8.870173423823633         3.8330484856407545       -3.369614663090262E-17   0.2666388538708904       2.6081888134803077
8.872850285087523         0.09832473492043593      -5.5008861959868215E-17  0.15984632757690417      2.605958095760398
8.879996630547998         0.7304412061444793       4.7146322738915106E-17   0.9950918620600492       2.6000028078766704
8.886927633443777         3.1821002132161467       -7.005450080103624E-17   1.0844329524643097       2.5942269721301874
8.891912695897878         1.7351154911171027       -2.182372667738818E-16   1.6374317487307792       2.5900727534184385
8.902751076330407         1.3357307001418774       -7.848286148470486E-17   1.482810957194168        2.581040769724663
8.902801506549602         2.3653353920109          -1.3321292076377108E-16  1.6110541880601021       2.5809987445419975
8.903960661960385         2.772757370998096        -1.6067272057830386E-16  1.4178525189867142       2.5800327816996815
8.9065423277181           0.22865836839367587      1.1111950177781329E-17   0.35931201005760244      2.577881393568253
8.913936490048643         3.5093303841408052       1.2514289928568568E-17   0.7174674131289045       2.571719591626133
8.916206089848789         3.751471119491554        1.817927539611266E-17    0.3884787156612513       2.5698282584593426
8.92242050370005          2.6259883111620437       -7.167754362803905E-17   1.5033910976202063       2.5646495802499616
8.9256675595661           0.533693786154595        -4.243122360558812E-17   0.770810869682648        2.561943700361585
8.926949861995775         0.9666145798160974       3.831002194775343E-17    1.221714405563059        2.560875115003524
8.938119686083084         3.0373951224876574       -1.541361662622406E-16   1.2182547332661755       2.5515669282640996
8.94239537990922          1.5798862856044706       -1.4146930260842978E-16  1.5931268612403313       2.548003850075652
8.942566963784943         3.905605525930234        -3.318488347655688E-17   0.15361149147673184      2.547860863512549
8.947516894587629         2.2170292164447365       -2.3185497738300636E-16  1.6470409663372447       2.543735921176978
8.951059650602994         0.35385219352708236      -6.779885703589933E-18   0.537582249685168        2.5407836244975077
8.956237251514535         1.1871694978844982       -2.903313365249065E-17   1.3913777395127769       2.536468957071223
8.958244469685084         0.15471769394609147      7.591009760805327E-18    0.24788883790182073      2.5347962752624333
8.959001160604476         1.9531174009956453       -1.5565948540416405E-16  1.66575084246275         2.534165699496273
8.9719231543302           3.6516731593771445       3.8163196408620525E-17   0.5299899060804679       2.5233973713915003
8.97196261682243          0                        0                        0                        2.523364485981313
8.97196261682243          0.02564868711553124      -3.6666937220375836E-17  0.04247370554640609      2.5233644859813054
8.971962616822433         3.9747973063831585       -1.5815584578675506E-16  0.04173983279242503      2.5233644859813062
8.971962616822433         4                        0                        0                        2.523364485981277
8.971966028916885         0.05642711165416873      -9.497278762003501E-17   0.09271851153626795      2.523361642569263
8.971968785380644         3.9445540740429488       -4.8131957587843555E-17  0.09112893880123754      2.5233593455161194
8.972795479356975         0.8173707680725947       -1.629828111434186E-17   1.083911708246166        2.5226704338691874
8.98179956683333          3.3352997140552745       -2.0372157098052518E-17  0.9237394473516268       2.515167027638895
8.98259207762174          3.837882088872071        7.001169072361726E-17    0.2592455947513472       2.5145066019818816
8.986840662690355         0.098405734600055        -5.2554627758105855E-18  0.15997468741585152      2.51096611442471
8.98782960872195          2.4825467160367163       -1.6759484268415873E-16  1.56964527785091         2.5101419927317115
8.988698512282088         2.8901134018041006       -5.525520957370666E-17   1.3365408883036396       2.5094179064315933
8.989571681671325         1.821555623926844        -1.7155350860146373E-16  1.653399001936611        2.508690265273898
8.994593487466853         1.4267194803638825       -1.6612852150227066E-16  1.5297289357523944       2.504505427110956
9.010520447708632         1.0453660863687926       -5.242225726525063E-17   1.2869475378938198       2.4912329602428085
9.012541787941382         0.6449677536904187       2.271257438196511E-17    0.9016198381088385       2.4895485100488517
9.014846997992155         2.0706193824506887       -1.6513181403757163E-16  1.6645887095092864       2.4876275016732055
9.015845911349235         0.23147668577637082      -2.955113598842117E-18   0.36346886960311303      2.48679507387564
9.03075403857481          3.163222807289614        -3.21583006556067E-17    1.1028802919171967       2.4743716345209923
9.030807202970646         3.754489707859882        4.1280534092513814E-17   0.3840691104223946       2.474327330857795
9.035627976727552         1.6686941195925562       -1.715886899595979E-16   1.6209318390031051       2.470310019393708
9.036207087968947         2.7431993645091612       -5.707984465748345E-17   1.4365227935804923       2.4698274266925466
9.040404257121047         2.334985382966777        -1.3623643566900993E-16  1.619910330499419        2.466329785732462
9.047487603451515         1.274465512097185        -4.7124721911430986E-17  1.447333211193168        2.4604269971237422
9.056151979346687         0.45036016457843847      -2.2636134153331703E-18  0.6660901585310989       2.453206683877763
9.062023783161443         0.8963205272774367       -4.274790965460858E-17   1.15912150895452         2.4483135140321326
9.062289761372815         3.9033341270638493       4.917056373107842E-18    0.1572163336475395       2.448091865522653
9.06820250732626          0.3195468357253779       -2.608596249447209E-17   0.49003215111642123      2.443164577228118
9.073202630644754         0.15242777782297823      1.2795115775563172E-17   0.24436536826660918      2.4389978077960417
9.075871495391903         3.5191837098210668       5.564277998926848E-17    0.7050336899226258       2.436773753840082
9.07983160079991          3.6635250291215864       4.3361850920290035E-17   0.5136185322858442       2.4334736660000758
9.081775232406722         3.013819638467107        -1.2038721323609699E-17  1.2384040586076779       2.4318539729944004
9.083917465709206         2.598160130541369        -2.152335581657104E-17   1.5175851909294735       2.430068778575661
9.08411214953271          0                        0                        0                        2.4299065420560777
9.08411214953271          0.025627263492261344     1.5802187252075198E-16   0.042438457222893085     2.4299065420560826
9.08411214953271          3.9748307000388543       -1.0724555557705377E-16  0.04168487757668713      2.4299065420560915
9.08411214953271          4                        0                        0                        2.4299065420560546
9.084118871010961         0.05637997968297496      8.797467540747103E-17    0.09264217359285297      2.429900940824197
9.084122385891723         3.9446275400854796       -1.1234921044675893E-16  0.09100988764212352      2.4298980117569173
9.08543007306283          3.8499314779498803       -1.3994861818616444E-17  0.2407306362042382       2.4288082724476454
9.087368184068607         1.51698551627101         -2.161556022393983E-16   1.569457086878342        2.427193179942829
9.095577217419331         2.1926066374248845       -1.0438782781335992E-16  1.651209451341618        2.420352318817224
9.096851023521271         0.09828191278362244      -1.3668723130948379E-18  0.159778465314201        2.4192908137322777
9.098805250701313         1.924807519762322        -1.2924258487294735E-16  1.6643108712148798       2.4176622910822414
9.100374461734067         1.1244742767956668       -1.0897770580556325E-17  1.3472727950031385       2.416354615221611
9.105580081437887         0.7276717586545592       6.591905433764357E-17    0.9921586859478416       2.412016598801763
9.125774779216828         1.758208027123063        -1.3890799781913544E-16  1.642306934105118        2.3951876839859803
9.126118052908124         3.3122934655749963       6.131321572169078E-17    0.9491191084204867       2.394901622576566
9.127232354497796         0.23218984463571696      -3.539193389250497E-17   0.3645196894128792       2.3939730379185065
9.130919668042786         2.447817715972961        -1.9946641009216424E-17  1.5831080388586516       2.390900276631014
9.134065551219994         2.8653714445401617       4.5122760730534406E-18   1.354638442906032        2.3882787073166756
9.13921418475563          1.3646169720959522       -5.627403986948828E-17   1.4984535032714532       2.3839881793703093
9.148733620475092         0.5352544982480066       -1.974955996815132E-17   0.7727169229572094       2.3760553162707585
9.148860222160398         3.772455372347053        2.8532004821361093E-17   0.3576674804325291       2.3759498148663365
9.150584905744596         0.9757428373828908       -3.8034419487283353E-17  1.2295405270114799       2.374512578546172
9.159744450744848         2.060606694349277        -1.0071063514932817E-16  1.6651361785833572       2.366879624379296
9.174351472192857         3.1354663955918824       3.9611450737696233E-17   1.1294650268673256       2.354707106505955
9.174364812552422         0.354721645892969        -2.408033686264817E-17   0.5387746406278584       2.35469598953965
9.177889891989915         2.30466155321119         -9.315899939806093E-17   1.6279922241645621       2.3517584233417423
9.177946697808805         3.9033109546393754       2.2357714695212493E-17   0.15725308747906244      2.3517110851593306
9.18061274333755          1.6069849232747133       -1.2772357953769357E-16  1.6023079789444254       2.349489380552041
9.18279410099377          2.718915487292046        -7.451518730299468E-17   1.4513168842215183       2.3476715825051944
9.187555511154928         0.1503235381386941       -6.378987191381327E-17   0.24112374434843395      2.3437037407042287
9.190961905189042         1.2123901622899935       2.6972712891541054E-17   1.4081961431426755       2.340865079009134
9.196261682242989         3.9748868349551287       -2.0532785616323057E-16  0.04159249546704739      2.336448598130831
9.196261682242989         4                        0                        0                        2.336448598130845
9.19626168224299          0                        0                        0                        2.3364485981308567
9.19626168224299          0.025594307729851325     1.9481700380550063E-16   0.042384234304681176     2.33644859813082
9.196270779158862         0.056307477005672915     2.1611753204562238E-16   0.09252474002331128      2.3364410173676218
9.19627306771331          3.944751036901283        -1.355007737689466E-17   0.09080975186307695      2.336439110238893
9.19814763465322          0.823667240521697        -4.700676053619341E-17   1.0901005162409014       2.3348769711223163
9.203400487465155         3.6413555701138045       1.3778701552328442E-17   0.5441466218568286       2.3304995937790385
9.203659177957572         3.850257779814248        9.351145258587354E-17    0.2402275617653544       2.330284018368688
9.207287612250324         0.0981373246061594       -4.544958587696479E-17   0.1595493183099097       2.3272603231247264
9.225052698432387         2.9847715025383224       -6.328960583991888E-18   1.2625937865785073       2.312456084639678
9.225222563205753         3.448159128771203        6.703754908996562E-17    0.7928479740652633       2.3123145306618755
9.226968276577693         1.9606898393560583       -8.519336369093807E-17   1.666022796362563        2.3108597695185913
9.231570793693919         1.8346658860010887       -6.070576911564146E-17   1.6552769294784164       2.307024338588402
9.23202675096637          1.4555441112303484       -1.266526544794971E-16   1.5431532438266886       2.3066443741946965
9.234639376200862         2.1690034972210515       -4.278566552245103E-17   1.6547657574696075       2.304467186499281
9.239280582973892         0.6483423242511603       2.0024576244886756E-17   0.9054256364955194       2.3005995141884252
9.239739750020409         0.23169007177790246      -4.7617733362805145E-17  0.36378333239631705      2.300216874982995
9.241720581346849         1.0600435441408893       -8.624882234133411E-17   1.2985341087869928       2.2985661822109615
9.2494466181846           2.568253793457888        -9.069342976974994E-17   1.5321198442586346       2.2921278181795013
9.26018460160704          3.7699265629258103       1.8652561588417726E-17   0.3613999841040117       2.2831794986608007
9.271318085054595         2.398062250287135        -3.9189355598265055E-17  1.6006443520401443       2.273901595787839
9.27353939144001          3.2472707587249436       6.740059406184137E-17    1.0184648560123772       2.272050507133326
9.276950821966993         1.6956232181769577       -1.1093889829993476E-16  1.6280644894529386       2.2692076483608403
9.283132063689353         1.3031924669613761       -1.3847013750631386E-16  1.4643580257919295       2.264056613592205
9.283886867718001         0.451569717311205        2.0343847280914063E-17   0.6676515248551249       2.2634276102350017
9.29039483838859          2.8370536337572814       -7.421069758740004E-17   1.3747255059223895       2.258004301342844
9.290687215163429         0.9051910207935544       2.9237070976494497E-18   1.1672472079370595       2.257760654030479
9.291777595807744         2.0475490924032336       -7.90116778038426E-17    1.665724618254847        2.256852003493547
9.292355578116915         3.903722544443112        -1.210639358290149E-16   0.15660019740793463      2.2563703515692395
9.295659227217518         0.31817129003450245      -4.159577981084936E-18   0.4881050793065797       2.2536173106520705
9.299650560712195         0.1500348117988748       -1.3680757215127271E-17  0.24067866768498988      2.2502911994065062
9.302733044491267         2.7014545569464112       -4.1554898692135916E-17  1.4616506268912988       2.2477224629239436
9.30841121495327          0                        0                        0                        2.2429906542056175
9.30841121495327          0.025555405587938763     2.8584805757577705E-16   0.04232022649874617      2.242990654205604
9.30841121495327          3.9749354746053878       -2.915910200842758E-16   0.04151244631049659      2.2429906542056237
9.30841121495327          4                        0                        0                        2.2429906542056264
9.308419169124518         3.944858044131853        -3.7061111437339577E-16  0.09063632840650983      2.242984025729591
9.308421904073143         0.056221892293465275     3.472615769438901E-16    0.09238611166700117      2.242981746605721
9.316227643203904         2.272018945295483        -8.524709197360075E-17   1.6358357055834738       2.2364769639967492
9.316949311285669         3.8504118904861784       -9.613653574124205E-17   0.2399899314780698       2.2358755739286145
9.318593863430266         3.088689564610048        3.072645155639888E-17    1.1728145966288277       2.234505113808114
9.320782215753837         3.680974180917441        -1.6875710549446882E-17  0.4893024179537246       2.2326814868718046
9.3212041430603           0.09802497215129768      1.1115464912662292E-16   0.15937124726663685      2.232329880783088
9.326317386157617         1.5473485717778381       -7.148610770252649E-17   1.5812944518868501       2.228068844868655
9.329535912334752         3.5448839081528174       2.1320057567770014E-18   0.6722223793043661       2.2253867397210416
9.333954929878141         1.1498717151727484       -2.2235086708784976E-17  1.3655341247236163       2.221704225101553
9.334380295459756         1.9228055351432747       -5.5485804983942644E-17  1.6641837560814532       2.2213497537835387
9.33545155987328          0.7337768078814875       2.5417254862046636E-17   0.9986161782255029       2.220457033438936
9.351164959461016         2.968177175277248        -2.5165032461665096E-17  1.2760970655300714       2.20736253378249
9.352149039507411         0.23019052368883236      -1.4620195200898106E-17  0.3615726739829963       2.2065424670771603
9.370966416170283         2.1503220624640007       -1.1761960094784697E-16  1.6572513656402388       2.190861319858103
9.374041828692043         3.7739361441612713       -5.148166817411611E-17   0.3554793985159341       2.1882984760899666
9.375921107915852         3.3418294510468414       9.45078905061171E-18     0.9164557184597225       2.186732410070125
9.37609855943953          1.7859920016539739       -8.754126061445482E-17   1.647583573601638        2.1865845338003926
9.376424607760569         1.3961214018001415       -5.374870122472245E-17   1.5147210994317406       2.186312826866192
9.378431246924807         0.5374426957198994       -1.4278248368917175E-17  0.7753858882070529       2.1846406275626613
9.383688108174491         0.9944664731877918       5.275602356933301E-18    1.2453759693569186       2.180259909854593
9.385634469752262         2.3608552066654642       -5.345841522650546E-17   1.6124097999260123       2.178637941873114
9.385669909294684         2.4801370850357882       8.278900361155607E-17    1.570611824822225        2.1786084089210997
9.386495006334286         2.753916503336254        -5.923697156662543E-17   1.429837460832183        2.177920828054764
9.40075184554851          0.3542014852657248       1.330759853818376E-17    0.5380613537076896       2.1660401287095774
9.406521541160789         3.904061219327257        -3.275905376826367E-17   0.15606286377250012      2.16123204903268
9.408016548693075         2.6289330244148306       -5.729342057522779E-17   1.5018513545001737       2.159986209422439
9.41045035963598          3.171062566752921        4.316481828309762E-17    1.0952551936458592       2.157958033636684
9.410945270163227         0.14929683594016538      1.350426918528963E-17    0.23954074939121553      2.1575456081973132
9.42056074766355          0                        0                        0                        2.1495327102803974
9.42056074766355          0.025510857115262537     -1.6072388482681866E-17  0.042246926929289684     2.1495327102803845
9.420560747663552         3.9749566192941637       -2.370274714721091E-16   0.04147764662757044      2.1495327102803827
9.420560747663552         4                        0                        0                        2.1495327102804036
9.420562946210358         3.94490456244716         -7.882141857983608E-17   0.09056093457175847      2.1495308781580174
9.420572426761382         0.05612388565357758      -9.819605817664755E-17   0.09222735503060625      2.149522977698844
9.422323305440958         1.6408168900064621       -4.709464632546011E-17   1.6129114556230724       2.148063912132536
9.424437545779064         2.0219550046607733       -7.892837568762527E-17   1.666465824070979        2.146302045184114
9.425493178289242         3.8541621674694895       -4.238723048964522E-17   0.23420110696868549      2.145422351425633
9.427016405708057         1.2435172116495887       -2.1305636305663225E-17  1.4282224128873293       2.1441529952432856
9.431330773429197         0.8365968781870392       -1.3184860425785725E-17  1.1027054900649416       2.1405576888090034
9.435461907042248         0.09752864950863802      -2.21542919041989E-18    0.158584483566489        2.1371150774647956
9.441981656633507         3.651067944869728        -2.53895741938897E-17    0.5308227672598557       2.1316819528054136
9.449973072506506         2.2594871709397313       -1.5724609983669243E-18  1.6386110033823744       2.1250224395779114
9.45066578514855          2.8665686530602117       -1.0705941817879837E-16  1.353774487305589        2.124445179042878
9.463588733889052         0.2243461858132232       3.962789317649724E-17    0.35293897173498007      2.1136760550924585
9.469269658465882         3.464686323593673        9.830415736092955E-18    0.772789155615688        2.108941951278433
9.470417780725276         3.0390849821973442       -9.209135110458397E-17   1.2167926665716446       2.107985182728939
9.470817937900614         1.490849445392992        -1.0916349531678864E-16  1.5586523803097416       2.1076517184161574
9.47224426589683          0.6565748180642206       -4.280027470427528E-17   0.9146703252253415       2.1064631117526424
9.474213509570486         1.8845940201815186       -2.69832845703914E-18    1.661117274925892        2.1048220753579314
9.47738840435248          1.0888160747653788       2.256330744635181E-17    1.3207266059975131       2.102176329706268
9.481424005197484         2.73506343942773         -1.0751489133660724E-16  1.441534058340283        2.0988133290020974
9.483002045004048         3.7780986583751033       -1.7914493836887075E-17  0.3493188171186076       2.0974982958299635
9.494570094425592         2.5292445784823747       -9.54482165012315E-17    1.5499584067279237       2.087858254645335
9.499211740799506         3.2874875427152808       4.624802529137797E-17    0.9759899280637375       2.083990216000411
9.505086493485638         2.3956044191300907       -8.845225369581085E-17   1.6014571431519777       2.079094588761974
9.509392404742655         2.131988069390353        -6.182747741262447E-17   1.6594079789744214       2.0755063293811236
9.512704277887433         0.4536806842444432       -4.999303925332197E-19   0.6703735723838616       2.072746435093808
9.517809700338905         0.32050072885893766      2.3948546109643433E-17   0.4913675825986005       2.0684919163842483
9.519524264800657         1.7384024096127375       -1.2644959792337545E-16  1.6381527919598258       2.0670631126661196
9.519864101930285         3.9043579279049885       -1.6804469949971174E-16  0.15559203434392435      2.0667799150581003
9.52006508266705          3.1535450812920276       2.1484835806339608E-17   1.1122223939279048       2.066612431110794
9.520591552620035         1.3393154434729349       -4.254220331966701E-17   1.4847899653194327       2.066173706149973
9.522258476629222         0.15008218304969112      8.05754206111059E-17     0.24075169605408495      2.0647846028089867
9.526931133274935         0.9294403936847397       -8.721592678693477E-17   1.1891258872192159       2.0608907222708877
9.532706585995614         3.9448957515916225       -3.5649806196732505E-16  0.0905752147670238       2.056077845003671
9.53271028037383          0                        0                        0                        2.056074766355154
9.53271028037383          0.025465213194662596     3.0291907242282295E-16   0.04217182320650019      2.0560747663551413
9.532710280373832         3.9749526143598284       -4.599023102305523E-16   0.04148423793053264      2.056074766355134
9.532710280373832         4                        0                        0                        2.056074766355127
9.53272262244206          0.05602346902825771      2.390162856347823E-16    0.09206468626294607      2.056064481298295
9.538290079775235         3.8536582527879566       -6.614472141325838E-17   0.23497961744629178      2.05142493352064
9.545992841997887         0.0971616263480975       8.481286049253029E-17    0.15800255156574292      2.0450059650017636
9.547562736586721         3.68798961660922         -4.252163834231814E-18   0.4794546059247747       2.043697719511068
9.557062830067913         2.6383172503481482       -1.6246946204219012E-17  1.4968962866283262       2.035780974943409
9.56664832427599          1.5886289437643866       -5.609723105973964E-18   1.5961557725381665       2.027793063103344
9.571347106690277         1.187437899680695        -7.746892900910262E-18   1.3915595138019512       2.0238774110914375
9.57144683840015          3.5661933977643208       -2.182777747564355E-18   0.6445992669997721       2.023794301333211
9.572263663721342         2.941841108018848        -4.2376553353280386E-17  1.29705638635243         2.0231136135655516
9.573368836826367         0.7537217864125203       1.639075579031795E-17    1.0194960893071678       2.02219263597803
9.574369202472191         1.9960566663328987       -6.828138586682475E-17   1.6666601875498308       2.0213589979398416
9.574937193265988         2.2622644107325245       3.0968245476308806E-17   1.638007241192969        2.020885672278343
9.578580399404723         0.2306511467165685       5.615334097760952E-17    0.3622519314102528       2.0178496671627326
9.595730008892367         3.769663567564999        2.064763797367366E-17    0.36178785734713376      2.0035583259230303
9.595762396303996         3.209103085208284        7.315949886558824E-17    1.057529053891588        2.0035313364133387
9.602500242211862         2.7908437294067725       2.750122014667698E-19    1.4060692481908297       1.9979164648234469
9.607250382459812         3.3748482988595994       5.342266338347176E-17    0.879080064634528        1.9939580146168239
9.614211583916468         1.435880107964422        -8.875475821013232E-17   1.5340703114207381       1.9881570134029454
9.616430921249504         0.5526561904437188       4.333202852380238E-18    0.7938316237246305       1.9863075656254152
9.616994975502763         1.8425042507534837       -2.03923956838717E-17    1.6563312870705345       1.9858375204143675
9.618497489243936         2.5050577252523043       -2.5358815425231993E-17  1.5603819559012382       1.9845854256300544
9.621626053583077         1.0319734977783288       5.035534597999082E-17    1.2762186212485334       1.9819782886807709
9.624426337493317         3.080908415281606        1.0030183924062437E-16   1.179848749072254        1.9796447187555726
9.626330082896102         2.372253679293178        -7.632534535284768E-19   1.6089279992719565       1.978058264253253
9.629675461862515         3.9023917090490237       1.1037372310375234E-16   0.15871074389230636      1.975270448447904
9.633443898068803         0.3596331330802285       1.7199858925259032E-17   0.5454985591299223       1.9721300849426644
9.637505287278007         0.14930389157194726      4.1615885892424026E-17   0.23955163093719237      1.9687455939349963
9.644850456930282         3.9448395675239203       -1.619135559797129E-17   0.09066627358057122      1.962624619224745
9.64485981308411          0                        0                        0                        1.962616822429869
9.64485981308411          0.025419806505024657     2.5200849226782907E-16   0.04209710810722703      1.962616822429879
9.644859813084112         3.9749270761472366       -3.1432522005509966E-16  0.04152626829188581      1.9626168224299063
9.644859813084112         4                        0                        0                        1.9626168224299094
9.64487360756592          0.05592357431105424      3.4669205924266167E-16   0.09190285461687166      1.9626053270284067
9.64565313400353          3.674924514471951        2.918858477839342E-17    0.4977616128420416       1.961955721663726
9.657138436159912         0.09709397647360624      1.1765162164926218E-16   0.15789527734456996      1.9523846365334128
9.65844661384201          3.841417711603952        1.2200817497782556E-16   0.2538253380796936       1.9512944884649903
9.661609419004943         1.68838393675682         5.5961937976192E-17      1.6262064288036775       1.9486588174958819
9.664738237149438         1.2850840787195519       -2.2660961865402552E-17  1.4537063439582214       1.9460514690421338
9.671158116748396         0.8724767032178373       -8.933707370145244E-17   1.1369546730056188       1.940701569376337
9.682958491064205         2.136210077360077        -7.246003394314717E-17   1.6589361728439855       1.9308679241131659
9.685686853266226         2.6448034034362093       -9.391748706976944E-17   1.4934285712154518       1.928594288944813
9.694407367518448         0.23993534645505346      -2.379710712389958E-17   0.37590517305904503      1.9213271937346283
9.702304756741187         3.2076975859567796       1.404973936330613E-16    1.0589443920309038       1.914746036049012
9.70275520173003          3.772108746225846        3.430706602251071E-17    0.3581794131457756       1.914370665224977
9.70356892614686          3.5331885578784648       2.900518585301503E-17    0.6872220191627312       1.9136925615442857
9.703980360826677         2.2971811175501236       -5.374005469923365E-17   1.6298680764048596       1.9133496993111028
9.708808445678574         2.929749253560055        -2.3896332453518554E-17  1.3064859689602182       1.9093262952678554
9.712196429971405         1.5382540101087574       2.3673444132359815E-17   1.5778294336747332       1.906502975023831
9.717285102996353         1.1392047383557886       -5.2337200045228066E-17  1.3579297989711987       1.9022624141697089
9.718142990596881         0.6853744541127289       -1.2860229000562812E-17  0.9465665308752486       1.9015475078359343
9.718664821367422         3.899322017038654        1.0547321844047577E-16   0.16357328149675746      1.9011126488604813
9.723423326038231         1.9615028810510575       9.774151710261038E-18    1.6660491549302645       1.8971472283014756
9.72433706845419          2.4230623250436336       -5.414561133513102E-17   1.5920909454702825       1.896385776288178
9.742263373702357         2.5346704693198365       1.0881101409660233E-17   1.5475531205155455       1.881447188581371
9.747680855721962         3.3632453532696465       6.947689473277505E-17    0.8923175444952992       1.876932620231701
9.747759636302188         0.15401627847207913      -1.4801029618960045E-16  0.2468100416058033       1.8768669697481737
9.753523731927407         1.3848573330123677       -6.940800252910842E-17   1.5089997913547275       1.8720635567271595
9.754118800607214         0.3295230659121915       -4.7802965102571446E-17  0.5039611719502485       1.8715676661606568
9.75699508440867          3.944730543092526        -4.1023621258591896E-16  0.09084296448460363      1.869170762992805
9.757009345794392         0                        0                        0                        1.8691588785046944
9.757009345794392         0.025361935500003874     -3.452053052754433E-17   0.04200188092821231      1.8691588785046833
9.757009345794392         3.974877519587512        -1.8686644665934923E-16  0.04160782609494864      1.869158878504681
9.757009345794392         4                        0                        0                        1.8691588785046922
9.757025052137244         0.05579625810000852      -1.6873728871577273E-16  0.09169658749252986      1.8691457898856059
9.758688120898304         1.7979278930832785       1.496240359135752E-17    1.6496528598359337       1.8677598992514153
9.759606478001354         3.658994202207997        -1.4456661026047272E-17  0.5198909321001054       1.8669946016655394
9.763679907347258         0.47396636826608446      7.927558803886306E-18    0.696342231173749        1.8636000772106196
9.76660290983836          3.8394924425488153       -1.0169002488645214E-16  0.2567781474190807       1.861164241801373
9.766637805709316         0.9865268276785774       -3.49997914061958E-17    1.2386967204103143       1.861135161908905
9.76695086608158          2.7762909606367683       7.256760515837592E-18    1.415571810180686        1.8608742782653536
9.786520518080202         0.10036038652936954      -2.2957622491397523E-16  0.1630705578888141       1.8445662349331613
9.801362236615791         3.0853378107379017       1.4841497772952464E-17   1.1758507652427757       1.83219813615351
9.802224101694534         2.353830868950041        -2.41655751614257E-18    1.6145015484075258       1.8314799152545576
9.81140663535377          3.770967584978729        -4.811382819060573E-17   0.35986408873108683      1.8238278038718605
9.814896087731638         0.8293699714275361       2.4961914196841293E-17   1.0956772234185144       1.820919926890303
9.814919024894788         0.2263938151381969       -8.399444405241075E-17   0.3559671254249834       1.820900812587676
9.816431995698363         3.2324528801005443       2.7860109472628535E-17   1.0337749576382813       1.819640003584698
9.819014912746209         1.2484879835672058       1.2159133295299642E-17   1.4313457038154664       1.8174875727114956
9.823563845797723         1.6451963337364828       -9.457368607855204E-17   1.6142143160024882       1.8136967951685656
9.824919996019183         2.2331185287029895       -4.3741281573760564E-17  1.6440232298230655       1.812566669984017
9.825179914054809         3.517381556935001        1.057181872910155E-17    0.7073138377806306       1.8123500716209933
9.83006761256435          2.6251926360783995       -6.988734604967642E-18   1.503805903247227        1.8082769895297093
9.839060848526309         3.9001133802722734       -3.5599460626692016E-18  0.16232047587928145      1.800782626228078
9.841427566343729         2.07009106900787         6.155627385217912E-18    1.6646196841855578       1.7988103613802264
9.852727002361533         2.47538008989632         -2.4700478448633976E-17  1.5725057375542375       1.7893941646987224
9.853621674905899         1.4865774054180652       -8.351729657963472E-17   1.5568321830719825       1.7886486042450864
9.858834011026852         0.16237621156669393      -2.4071640934204203E-17  0.2596411717433435       1.784304990810958
9.860395122177913         1.0958361770199763       4.236946951655681E-17    1.3260365755058963       1.78300406485174
9.864143805206776         0.3476866666213939       -1.74155892266107E-17    0.5291086034747002       1.7798801623276874
9.864863157807518         0.6539413929404325       -2.7495591187256122E-17  0.9117192609836913       1.7792807018270695
9.865696280312179         1.9086341070326573       -9.878049742733833E-17   1.663188447334285        1.7785864330731862
9.86581630659128          2.913196362810289        -2.6130113213669488E-17  1.3191968345625256       1.7784864111739342
9.869037974775114         3.6525457865468067       7.720464380732956E-19    0.5287885097359987       1.7758016876874068
9.869141370577578         3.944584051979848        4.813214840934283E-16    0.09108036032734894      1.775715524518667
9.869158878504672         0                        0                        0                        1.7757009345794406
9.869158878504672         0.025291321537947088     1.6614586300586423E-16   0.04188568133610513      1.775700934579445
9.869158878504674         3.9748109327181127       5.789369053517942E-16    0.04171740834042432      1.7757009345794346
9.869158878504674         4                        0                        0                        1.7757009345794437
9.869174195243772         0.055640907383483595     1.961159552141082E-16    0.09144488289978207      1.7756881706302035
9.869283338210614         3.853025215173438        -3.6448873024028114E-17  0.23595731330476447      1.7755972181578221
9.871042686807977         1.364316985155048        -2.2713614036317065E-17  1.4982946269323483       1.7741310943266881
9.887999916829196         1.7823233728460501       -5.585827669950353E-17   1.646923702496202        1.7600000693090045
9.890701496981498         3.3579497042066615       5.918475555793764E-17    0.8983219170187676       1.7577487525154216
9.908166651268173         0.10165673522087042      6.693203621275404E-17    0.16512202044488164      1.7431944572765243
9.91207237980643          2.34020672023902         -7.341867196402878E-17   1.6184414114600887       1.7399396834946448
9.914716356680742         0.9510953265710691       3.374781633017041E-17    1.2082495775245625       1.7377363694327166
9.91579553767687          2.750099676348586        -2.5709179543157738E-17  1.4322293648090623       1.7368370519359464
9.919571798765721         0.48461039250664933      2.6703147790806518E-17   0.7098309739588126       1.7336901676952332
9.923820360524823         3.785462490671702        -1.3750545973458718E-17  0.33838487266850154      1.7301496995626489
9.926351599743262         0.23175031253795525      -1.1499623383323864E-17  0.36387210116265906      1.7280403335472838
9.932176226381834         3.1853000608525153       7.916424327907149E-17    1.081276569059594        1.723186478015139
9.932745656042588         1.2914879396351036       3.707060344962501E-17    1.4575044417989553       1.7227119532978439
9.937373931730217         1.1895420087328372       1.2986461548591839E-17   1.3929824351629994       1.7188550568914842
9.951365938573574         0.8038970895895448       -2.0940005666481302E-17  1.070557428211517        1.7071950511886913
9.95152649476422          1.558222368911006        -3.1200547699614615E-17  1.585346885278917        1.7070612543631516
9.959687552730625         2.5971468723598945       1.1218587755680106E-17   1.5180898386794992       1.7002603727244783
9.967852445519188         3.9036312673479165       -9.979730859486041E-17   0.15674499915640214      1.6934562954006835
9.969103758274938         3.0348529967954616       -1.1500256339022131E-17  1.2204496979264394       1.6924135347708844
9.969286635872503         0.1600797415016925       -1.436264626793275E-17   0.2561222676531341       1.6922611367729152
9.970651828399829         3.5393153476390724       5.3378701811528274E-17   0.6793784418845012       1.6911234763334773
9.970888182164314         2.1896506939709965       -9.997553942425352E-17   1.6516802559484682       1.6909265148630719
9.981289472112518         3.9444196762511923       -1.3655874045971434E-16  0.09134671775300343      1.6822587732395742
9.981308411214954         0                        0                        0                        1.682242990654226
9.981308411214954         0.025230213210789623     -8.66358214691962E-17    0.041785120493540516     1.682242990654206
9.981308411214954         3.974736216477815        3.1027975557956674E-17   0.04184036472120215      1.6822429906542202
9.981308411214954         4                        0                        0                        1.682242990654233
9.981319495383044         0.05550646906373717      -1.5707801801023289E-18  0.09122704506126064      1.6822337538474585
9.982713567084199         0.34493332148866124      -3.939890457978839E-17   0.5253142873672693       1.681072027429835
9.982853693112297         3.685488433573799        -2.1636635650198098E-18  0.482970308453726        1.6809552557397542
9.98389660921766          3.8534897173037215       -7.25382787114953E-17    0.23523994493723796      1.6800861589852836
9.987242588149272         2.001800158395515        -1.3498705236318289E-16  1.666665316429065        1.6772978432089427
9.988395598638892         1.6872804897236895       -7.401949894459995E-17   1.6259193782885617       1.6763370011342575
9.994191181556534         1.406856860000632        -2.6632614610915182E-17  1.5200755064465394       1.6715073487028906
9.995458300036674         0.09342611447682496      -4.122201458939809E-17   0.1520733412671098       1.6704514166361044
9.99664374041404          1.8384393436605706       -6.146155694826047E-17   1.6557908976346571       1.6694635496549688
9.998076321279253         2.453530136426035        -4.3918756078215513E-17  1.5809626730639106       1.6682697322672937
9.998811594984806         0.641358283820649        -1.3438845777439052E-17  0.897538619607179        1.667657004179328
10.013629974187484        2.872123027167502        7.313822921233824E-17    1.3497505939517482       1.6553083548437642
10.01599696447661         1.0820520654520496       7.603086934246845E-18    1.315571495607981        1.6533358629361603
10.01785036938854         3.3320704193897774       9.756313591256309E-18    0.9273284990778102       1.6517913588428843
10.028561179658684        2.3297608811456576       -8.156966155886552E-17   1.621357400527518        1.6428656836177624
10.035026555176803        0.2268692528703074       3.741357209836746E-17    0.3566697306597079       1.6374778706860003
10.047658826464486        3.771836503717415        -1.9870310551186217E-17  0.3585814183726867       1.6269509779462628
10.049897843120709        0.47451720710962186      -1.087445184638728E-17   0.6970426035814055       1.625085130732744
10.058620913905894        2.7166481990386657       -2.724580694331046E-17   1.452673066172767        1.6178159050784233
10.062624593404218        1.2422583225323305       -8.615635008888787E-17   1.4274281459285356       1.6144795054964862
10.068351597975276        3.1415703335947542       -2.115610363878675E-17   1.1236738222734848       1.6097070016872728
10.070028813755224        0.7581580183989522       -3.224143602865561E-17   1.024095205305494        1.6083093218706466
10.079227944049727        3.9029689178124145       -1.31782572920799E-17    0.1577955407666035       1.6006433799585593
10.080383703256715        0.9146983852979103       -6.827223655848191E-17   1.1758835021354328       1.5996802472860738
10.09079519907599         0.14725066975853768      6.984353955593147E-17    0.23638329970408886      1.5910040007700113
10.093439419207085        3.944249918909396        1.447969572875173E-16    0.09162177200867008      1.588800483994099
10.093457943925234        0                        0                        0                        1.5887850467289597
10.093457943925234        0.02519785452873946      -1.337491280853342E-16   0.041731869267544415     1.5887850467289828
10.093457943925234        3.9746590540497255       1.5556281440039998E-16   0.04196734177476779      1.5887850467289542
10.093457943925234        4                        0                        0                        1.5887850467289546
10.093462564430894        0.055435279963226815     3.9990113242537245E-17   0.0911116873284609       1.5887811963075948
10.097942712202585        0.3374801821907019       2.9012451154714057E-17   0.515011606413058        1.5850477398311809
10.098174231599174        1.5597212839731507       -9.169978415739079E-17   1.5858977717557305       1.5848548070006907
10.09919466940476         3.852281715146657        -2.879950555522097E-17   0.2371051865555662       1.5840044421627022
10.101563520260209        2.5672571167570597       5.75451322515382E-17     1.5325914014535298       1.5820303997831617
10.102121089619931        3.6424744698254488       -1.9952727318996612E-17  0.542615673321505        1.5815657586500567
10.106678127329866        0.09662452747933986      9.080181154515263E-17    0.15715075441948081      1.5777682272251174
10.112391311627558        2.982357100974545        -1.7582171975855938E-17  1.2645727192353708       1.573007240310367
10.120175993207436        3.4496541387439446       -3.964000421126825E-18   0.7910428658427308       1.5665200056604727
10.12309684585748         2.089538237312151        -4.59132216455404E-18    1.6633262100245985       1.564085961785434
10.124913672396618        1.7361944728880865       -9.295605517599923E-17   1.6376694349438374       1.5625719396694848
10.125702913803897        1.914447499388844        -1.397082935531537E-16   1.6636169873496593       1.5619142384967526
10.12698360175112         2.2550657223785313       1.3069380665913158E-17   1.6395589488614675       1.5608469985407345
10.130079124833388        0.6199808946458324       -2.3302738225078424E-17  0.8731446953572853       1.5582673959721773
10.134785413292303        2.410351132713705        1.816281680424504E-17    1.5965049782835763       1.5543454889230848
10.142145977523889        0.2221965470964223       6.458177536895606E-17    0.34975620118504896      1.5482116853967616
10.145694165067525        1.3938053910120016       -1.7338981498593045E-16  1.5135533733474544       1.545254862443729
10.156734714631732        2.8274370437537217       4.7779450789315995E-17   1.3813949744267102       1.5360544044735596
10.15875452772479         3.7707037678339064       -3.866277998693998E-18   0.36025340274116996      1.5343712268960095
10.165474931206234        3.2501658993773392       -1.4494029419181046E-18  1.0154521766808544       1.5287708906614732
10.168135333753401        1.087258409682208        -2.2308618835784912E-17  1.3195428288767295       1.526553888538835
10.189375233077133        0.7909352694954148       -6.317877651074802E-17   1.0575676989374487       1.508853972435724
10.190246485664858        3.9028298396777403       2.1475282505160902E-17   0.15801608384666058      1.5081279286126186
10.19128039029062         0.45838230352640236      2.527553174339437E-17    0.6764228657997667       1.5072663414244847
10.19370650269838         0.33229454050204665      5.1341946112400466E-17   0.5078160418169673       1.5052445810846857
10.199186678339414        2.6822270605451766       4.633839790819337E-17    1.4727359324416212       1.5006777680504868
10.201591391918393        0.14636189291051127      5.378141746437618E-17    0.23501073664404068      1.4986738400680062
10.205591517615833        3.944091211528378        -7.749667025771241E-17   0.09187890052421792      1.4953404019867957
10.20560590849008         0.05543035747997056      -1.8473525850619862E-17  0.09110371057896871      1.4953284095915949
10.205607476635514        0                        0                        0                        1.4953271028037418
10.205607476635514        0.025195617036350256     -1.3075638997110145E-16  0.04172818709481629      1.4953271028037307
10.205607476635514        3.974586914331081        -2.1678357078619657E-16  0.04208604906352498      1.4953271028037396
10.205607476635514        4                        0                        0                        1.4953271028037691
10.209431624210396        3.079117921427254        -4.0729272765434574E-17  1.1814602131893854       1.4921403131580064
10.212841654445375        3.8525948371575174       2.4417438277967106E-17   0.23662182055721334      1.4892986212955197
10.218290875871645        3.6810922024877266       -1.122949556764805E-17   0.48913708613956886      1.4847576034402976
10.219954329726125        0.09639012805554956      7.649717343007651E-18    0.15677893976484716      1.4833713918948987
10.222630365119212        3.547376434124117        1.2573123411600754E-17   0.6690109046322225       1.4811413624006577
10.233301284507673        1.2400617617318463       -6.067556651678402E-17   1.426039114174124        1.47224892957694
10.237093891431284        1.5021323603068657       -4.5917975760095176E-17  1.5633865888943297       1.469088423807264
10.246535164156832        0.9296227400279455       -6.954486153864198E-17   1.1892885505561333       1.4612206965359746
10.249428943783252        0.6439207892719311       -2.216595798176042E-17   0.9004371559296415       1.4588092135139565
10.250561355422356        1.6489435593979216       1.3929206220857364E-17   1.6153164064632513       1.4578655371480378
10.254507966445043        2.9265927769163564       -1.7598690948725744E-17  1.3089274274026825       1.454576694629132
10.25580687663504         0.22538932578973786      5.2875694113573346E-17   0.35448206457458326      1.4534942694708006
10.258078489794688        2.537029283452664        -2.6718044524792736E-17  1.546499811964301        1.451601258504429
10.259536970419369        1.8209768748184954       -4.5580619259944525E-17  1.6533128002709383       1.4503858579838578
10.263143270577567        1.9999109187345925       -1.4964210514036453E-17  1.6666666633602218       1.4473806078520308
10.264709046344523        2.176398469315845        -5.946465890063189E-17   1.653701491676263        1.4460757947128975
10.265082296998957        3.3448644043826907       -2.7523354437234702E-17  0.9130582224268301       1.4457647525008694
10.268208667255116        2.353810551412583        3.4567062547813777E-17   1.61450753904547         1.443159443954073
10.274937684416829        3.7756344688148515       -2.0248205921659447E-17  0.35296759714858356      1.4375519296526427
10.301486044717862        2.7842334221392004       1.4680723962295798E-18   1.4104074748332673       1.4154282960684486
10.30508067524253         3.1686976232947317       -3.1358818966162146E-18  1.0975607772105198       1.4124327706312263
10.305194139495441        3.9027847946226215       -2.083734234780988E-16   0.1580875105637284       1.4123382170871368
10.30611278379174         1.3835277062829          -1.237219583577963E-16   1.5083174629496587       1.4115726801735515
10.30658271537187         0.5004598974086236       1.4615404704724426E-17   0.7297414503001025       1.4111810705234429
10.311231958981214        0.3457921565418799       2.9507241939380135E-17   0.5264985044340155       1.407306700848989
10.313191127978945        0.14721710293971396      -1.3659361861653135E-17  0.23633147348370584      1.4056740600175477
10.315304414335344        0.8027862895866766       -1.7264972985045976E-16  1.0694497214993193       1.4039129880538823
10.317745996332738        3.9439638972934996       -3.228719572197054E-16   0.09208515250811156      1.4018783363894103
10.317751201077572        0.055476983455870564     2.891102758828903E-17    0.09117926588754971      1.4018739991020175
10.317757009345794        0                        0                        0                        1.4018691588785097
10.317757009345794        0.025216810661759348     3.0249789726213114E-17   0.041763064627952644     1.4018691588785022
10.317757009345797        3.974529044224318        -2.0461295537159924E-16  0.04218127229775014      1.4018691588785022
10.317757009345797        4                        0                        0                        1.4018691588785006
10.318238525717401        2.6604970329592836       3.286826757207628E-17    1.4848931956049942       1.4014678952354997
10.325321527984428        1.0849084513023681       -1.3166124051236528E-16  1.317753107292572        1.3955653933463108
10.32626687934492         3.8523750443703335       -1.1596180989072828E-16  0.23696112291416885      1.394777600545905
10.333678607124838        0.0968026634669558       -7.844482769854147E-17   0.15743329092230282      1.3886011607292958
10.338226603126895        3.6461204555035374       -3.141010957492046E-17   0.5376197691553449       1.384811164060924
10.349476031868614        3.016685161613123        -3.275939685011819E-17   1.2359797008982083       1.3754366401094886
10.359986471125305        3.463919268604096        -6.477064205574859E-17   0.7737251562540209       1.3666779407289127
10.366358125275745        0.22819323823414545      2.940926409772651E-17    0.35862533290033216      1.3613682289368783
10.383398626371756        0.6460996297381698       -1.9596500065331737E-17  0.9028974114187004       1.3471678113568708
10.38780678739052         3.770606048760292        6.072915398131799E-19    0.3603975917056111       1.3434943438412335
10.389697682815923        1.5333439359883183       -1.0971705183597807E-16  1.575930049133804        1.341918597653399
10.391137345738894        2.584600926370905        1.673884030220334E-17    1.524267398702618        1.3407188785509212
10.391919303044734        1.2486122895792695       -6.095666969472279E-17   1.4314235452619568       1.3400672474627244
10.396941893922293        2.8690799803253224       3.03721034075615E-17     1.3519583282490581       1.3358817550647581
10.39723161490911         1.7224244385838343       -7.097379359814883E-17   1.6345632532102101       1.3356403209090748
10.401038522741475        3.2683875755483527       -1.1918658124834511E-17  0.9963303992477391       1.3324678977154394
10.40229248667321         1.908431064822197        -7.244640318144053E-17   1.6631729708793366       1.3314229277723262
10.402757005254436        2.2701239497356704       -3.0281694153658664E-17  1.6362637715746688       1.3310358289546382
10.404264047897428        2.0900378252288196       -4.588618839497949E-17   1.6632888291783618       1.329779960085477
10.40594400652443         2.4452269609702992       -2.4209126885361346E-17  1.5840720638438146       1.3283799945629757
10.410300661587902        0.4522635242672185       -2.0346349956522478E-17  0.668546584035946        1.3247494486767488
10.41532347849046         0.9242995769444009       -4.4373645170882843E-17  1.1845285832658365       1.3205637679246183
10.41780322316178         0.31722172739550103      6.416587854588003E-18    0.4867738688542582       1.3184973140318508
10.419488273128918        3.902430100325569        1.5604042882658796E-16   0.15864988057301907      1.3170931057258974
10.424228936633787        0.14769144625990557      1.0973326283046923E-16   0.2370637590588667       1.3131425528051806
10.427238049171743        0.7814502768981884       -1.1725017052918875E-18  1.047973571803542        1.3106349590235469
10.429899688692865        0.05555337250974081      8.704822259821719E-17    0.09130304701739875      1.3084169260892922
10.429903187412917        3.943886101568627        1.60047127815497E-16     0.09221117672013598      1.3084140104892121
10.429906542056074        0                        0                        0                        1.3084112149532727
10.429906542056074        0.025251532958973096     -3.883156807907198E-17   0.04182020496629762      1.3084112149532772
10.429906542056077        3.974493682531194        -1.4776822785475731E-18  0.04223945735183527      1.3084112149532556
10.429906542056077        4                        0                        0                        1.308411214953269
10.438100523013041        1.3817858023513432       -1.1901372895087214E-16  1.5074213357606796       1.3015828974891324
10.438970635821306        3.8515327622932793       7.531443622867713E-17    0.23826101256442464      1.3008578034822433
10.440880137073332        2.7142857397894193       7.55084543845376E-17     1.4540816174722853       1.299266552438892
10.44340160945756         0.09691691219041729      2.0053584638225276E-16   0.1576144837054767       1.2971653254520452
10.444013693181372        3.101285020797495        -3.742531092196001E-17   1.1613213762362766       1.296655255682191
10.447671293657745        3.68118736296274         -4.638996015963108E-17   0.489003771089329        1.293607255285214
10.456512267223992        3.548543850445417        -6.177460659845794E-17   0.6675049763532012       1.2862397773133407
10.475722200371713        0.22876677464061698      -2.3290469286697724E-17  0.3594720255762492       1.270231499690239
10.485876159638554        2.9548954864437755       -2.041689540863139E-17   1.2867394208205452       1.2617698669678725
10.491184682923839        0.6808934961790474       -2.8740338678721506E-17  0.9416491798238604       1.2573460975634698
10.496496065722294        3.354252222404758        -2.1146407813529712E-17  0.9025003825465733       1.2529199452314224
10.496714597457316        1.079595845653134        1.3786245106052376E-17   1.3136900802754303       1.2527378354522385
10.500709914773422        3.7716521085647656       -1.8135248067553916E-17  0.35885366925750845      1.249408404355483
10.504252885172399        0.5297665612069954       -8.43200987946538E-17    0.766005681439541        1.2464559290230008
10.523949165566536        0.35274653430782715      -6.571709444867128E-17   0.5360650082354695       1.2300423620278862
10.529883180719539        2.825188583943895        -1.0640770885209303E-17  1.382943250386947        1.2250973494003838
10.530130520326118        3.90227481531702         -1.4187246622494598E-16  0.15889605292108241      1.2248912330615742
10.53042590497052         2.565421952187603        -1.1362567808167805E-17  1.533457506660151        1.2246450791912349
10.534024560752087        3.1836835161724863       -5.2996618689287234E-17  1.0828722223089757       1.2216461993732632
10.535395923617529        0.14697528911245908      -7.670058377217836E-17   0.2359580920167275       1.220503396985391
10.542052121629562        0.05562330194318333      -2.9092352468428727E-16  0.09141635668902971      1.2149565653086816
10.542056074766355        0                        0                        0                        1.2149532710280242
10.542056074766355        0.025283319065083333     -2.2140666020714343E-16  0.04187251251557795      1.2149532710280362
10.542056074766355        3.974492096381231        -1.3411912139688662E-16  0.042242067220021426     1.2149532710280535
10.542056074766355        4                        0                        0                        1.2149532710280524
10.542063561459562        3.9438826120387085       -2.0184225791090234E-16  0.09221682942231992      1.2149470321170481
10.542695094701703        0.9464540175072559       -6.670006369306164E-17   1.2041836928222505       1.2144207544152505
10.543652521145885        0.8145095111146892       -2.150726090214503E-17   1.0810884586510292       1.213622899045095
10.54465929650057         1.6350615752920208       -8.388855923432049E-17   1.611174977571526        1.2127839195828611
10.544814065458686        1.8173988446464138       -8.464845257302657E-17   1.6527736741931414       1.2126549454510942
10.546218959792135        2.00060881271778         -6.704713907234523E-17   1.6666665122279494       1.2114842001732216
10.547355299718943        2.1851702103257025       -7.968354533981161E-17   1.6523799971699746       1.210537250234214
10.55021168698098         2.378722486915035        4.0600075056165505E-17   1.6069038657937063       1.208156927515853
10.551215624314494        3.8512524445695604       -1.1616759538373627E-16  0.23869349436467793      1.2073203130712569
10.554633028980763        1.45937261423094         -5.221832382740293E-17   1.5448841790652146       1.2044724758493677
10.55537718800842         0.0969479196478811       -2.2242247323963694E-16  0.15766365811144697      1.2038523433263144
10.562437420241023        1.2761733489185991       -4.6063093880265033E-17  1.4483645746601197       1.1979688164658118
10.563769540319155        3.6462156690824625       -4.046647119480478E-17   0.5374891545280756       1.1968587164007058
10.5732790825295          2.710541601425183        -1.2115383843320993E-17  1.4563044302683914       1.1889340978920837
10.586506471539577        0.22363265878180444      -1.5177257202741533E-16  0.3518829454389165       1.1779112737170194
10.586899308796246        3.467245112248022        -1.7155267766973687E-17  0.7696632419101209       1.1775839093364617
10.587545701143187        3.041048815554292        2.3196416948242195E-17   1.21509056818042         1.1770452490473442
10.591339476868583        2.9162602863303313       2.6945710500806134E-17   1.3168612865391092       1.1738837692761845
10.592669246895133        0.6568541933901186       -8.036864407692969E-17   0.9149830592442888       1.1727756275873906
10.6118014835068          3.7699667900147475       -5.275510219746182E-17   0.3613406509353713       1.1568320970776682
10.612693871478271        1.011409530314848        -3.983136856504888E-17   1.2594537013532057       1.1560884404347782
10.621519501146736        3.2854175241294366       -4.68358047939092E-18    0.9782090786087299       1.1487337490443892
10.630814136268869        0.4536130164038061       -1.2501890099810903E-16  0.6702863737351109       1.1409882197759422
10.640361545250638        3.9022757103190213       -2.6071368306909674E-17  0.15889463413760965      1.1330320456244676
10.64210654311898         0.31692715641054753      -1.3505815061567547E-16  0.48636075132154816      1.131577880734184
10.645091004936567        0.9024556235092068       -1.2204153852936283E-16  1.1647484756805995       1.1290908292195267
10.645554686783534        3.1450158964283936       -1.2950301737350017E-17  1.1203910820526186       1.1287044276803884
10.64767569068738         0.1469493155593774       -2.0768961985359838E-16  0.23591798370589198      1.1269369244271823
10.652114291150667        1.122103360317577        1.5828696619431688E-19   1.3455406208476306       1.1232380907077781
10.654205607476635        0                        0                        0                        1.121495327102796
10.654205607476635        0.025294274927107355     1.0428830451248433E-16   0.041890541401808645     1.1214953271027848
10.654205607476635        3.9745416463728516       -2.2955241412368154E-17  0.042160536141328205     1.1214953271027905
10.654205607476635        4                        0                        0                        1.121495327102793
10.654208124884741        0.05564740483963618      -5.714639603132025E-18   0.09145541070548258      1.121493229262714
10.654226241197303        3.943991622020273        -1.586187387061993E-17   0.09204023896457829      1.121478132335571
10.663545081475784        3.8510996892949536       -2.2163343046976564E-17  0.2389291417883861       1.1137124321035137
10.669199192239619        0.0968595497170246       -1.805079791042819E-16   0.15752351104029752      1.1090006731336393
10.671461252093193        3.6804328082481432       -8.137917502139664E-17   0.49006065706802493      1.1071156232556736
10.672471043502581        2.8125241332900606       1.0140715987268098E-17   1.3915852220088496       1.1062741304145172
10.68068533064438         3.549426848781449        -6.835777658893437E-17   0.6663651834479958       1.0994288911296837
10.680921299339055        2.9476444124196335       -5.3629746081310124E-18  1.2924875281707708       1.099232250550787
10.684656305466321        0.747643647644637        -9.403129162450771E-17   1.013168152797988        1.0961197454447325
10.689048041229027        2.4623288543362656       -2.4579161163458236E-17  1.5776050126867165       1.0924599656424758
10.689734944742938        1.9099911101911677       -5.727437320118013E-17   1.6632909998980774       1.0918875460475543
10.689824102568366        1.728283829840753        -1.9046091196668008E-17  1.6359043011974979       1.0918132478596954
10.690412573436936        2.0933114916292954       -1.1807285405951482E-16  1.6630387356374665       1.0913228554692218
10.691042974548196        2.278568659255038        -1.1262856763733615E-16  1.6343331258670226       1.090797521209838
10.692258460851141        1.5496693180345775       3.062483353133296E-17    1.5821676153669004       1.0897846159573812
10.692735146381537        2.635287597914936        -1.6275274821320198E-17  1.4985040283064472       1.0893873780153875
10.700844628750277        1.3802368114131804       -7.586696070397292E-17   1.5066223291969594       1.08262947604144
10.701274097079388        0.2285732735628253       -7.900015807168502E-17   0.35918639702669825      1.0822715857671774
10.717127610744454        3.3524993352740178       -1.1164170163437602E-17  0.9044773117013926       1.069060324379624
10.717716809066836        1.241307352120458        3.3278858675165823E-17   1.4268272775223052       1.068569325777636
10.72277201098187         3.0490047928971116       -5.590530056010488E-17   1.2081620601995378       1.0643566575151107
10.726353755314857        3.771097972736064        -2.4741463670404564E-17  0.35967165457091893      1.0613718705709532
10.726665092026115        1.0042395408398148       -3.77671994136077E-17    1.2535254616554583       1.0611124233115732
10.730732209085424        0.5523857123200123       -6.318200383331136E-17   0.7935053642103181       1.0577231590954812
10.747206519967747        0.15896736468735742      3.3881810166280326E-17   0.25441618154741114      1.0439945666935457
10.74942927498793         3.1902196759022345       -1.873295790950654E-17   1.0764071346229924       1.042142270843393
10.754011203054008        0.3582632165867914       -2.1116238056088896E-17  0.5436251391616885       1.0383239974549936
10.754458331130143        3.9023531045024735       -6.006035275762628E-17   0.15877194407908377      1.0379513907248847
10.766355140186915        0                        0                        0                        1.028037383177617
10.766355140186915        0.025271692814060977     -1.2164798067994093E-17  0.041853380332731976     1.028037383177603
10.766355140186915        3.974654011327348        -7.402457915577225E-17   0.041975639812005694     1.028037383177575
10.766355140186915        4                        0                        0                        1.028037383177569
10.766366435056996        0.05559772419093415      4.616095348004308E-17    0.09137491242855272      1.028027970785851
10.76638730172292         3.944238824920166        -1.196499140919976E-16   0.09163974653043834      1.0280105818975722
10.775362744689641        3.85064068537759         -3.2096129874784436E-17  0.23963710567715166      1.0205310460919677
10.779676206564886        0.850676550129462        -3.712600760633233E-17   1.1162731698240362       1.0169364945292614
10.78531184611761         0.09734742345481058      2.397681618323589E-16    0.1582971554024802       1.012240128235337
10.789826568453417        3.644552527605122        -1.152756675861126E-17   0.5397695766448357       1.0084778596221546
10.808543879085924        3.4652693386058346       2.3079144341982733E-17   0.7720774022256754       0.9928801007617288
10.811001540484638        2.9224629086027885       -5.492210555467388E-17   1.3121092426050358       0.9908320495961354
10.81203129485426         0.23056487480632215      7.381324774096657E-17    0.3621247240545143       0.9899739209547854
10.824781544283145        1.118373356431201        -1.011136608379628E-16   1.3428060255623406       0.9793487130973791
10.827061717970492        2.7307521302678044       -1.0361132950810452E-16  1.4441672183787786       0.9774485683579243
10.829536515625977        3.300787712330621        6.093954614889841E-18    0.9616463864373633       0.9753862369783555
10.830156103968509        3.0686904858779482       -9.138658352481253E-18   1.1907919355808154       0.9748699133595764
10.834252423894846        1.8193549012015424       -5.2158914432457465E-17  1.6530697284500417       0.9714563134209627
10.83445393413416         2.0014523290190307       -7.95913894528177E-17    1.6666657878085103       0.9712883882215325
10.834506164998057        1.6385052145310812       -6.366341376846907E-17   1.6122173000328266       0.9712448625016208
10.834810463237657        2.3675549086436924       -7.501449699456626E-18   1.6103764121383044       0.9709912806352868
10.834871930257831        2.184524938719953        -1.2892035829968868E-17  1.652479394579334        0.970940058118475
10.835062071255276        2.5484175211012854       -1.74675878911733E-17    1.5413492593954687       0.9707816072872714
10.835536484635524        0.6791996780230637       -4.3770584433236935E-17  0.9397860456106762       0.9703862628037306
10.836386930387388        3.7674405582410357       1.120257648292266E-17    0.365064113785257        0.9696775580105105
10.837765038154423        1.4628297156370471       -4.0767188755277075E-17  1.5464367023322616       0.9685291348713155
10.840368662233738        1.2919649392447665       -7.439109231470759E-17   1.4577859803088897       0.9663594481385517
10.867629575689994        3.9024037164873873       8.521141309279535E-17    0.15869170812290698      0.943642020258336
10.867746998828235        0.1535097510237845       1.0173358959853339E-16   0.24603073351489768      0.9435441676431404
10.872292547537926        0.9426610737148973       -1.2012538140508728E-16  1.200847664567612        0.9397562103850637
10.877703822480338        0.32787501095017174      1.0766710366916696E-17   0.501665842081297        0.9352468145997184
10.878504672897197        0                        0                        0                        0.9345794392523146
10.878504672897197        0.025213059327498358     1.0587544343258741E-16   0.041756891228892055     0.9345794392523216
10.878504672897197        3.9748173258355557       3.634310092243821E-17    0.04170688732487642      0.9345794392523302
10.878504672897197        4                        0                        0                        0.9345794392523237
10.878526411676525        0.05546873052049638      1.827539704454129E-17    0.09116589250684579      0.934561323602902
10.878540097280288        3.9445981168382227       3.415264361820486E-17    0.09105756832884922      0.9345499189330839
10.883744703027904        0.47202269786077894      -4.565373852925994E-17   0.6938689017280621       0.9302127474767465
10.885743673102104        3.850068839155796        5.650489339738443E-17    0.24051887099363603      0.9285469390815804
10.889992209221298        3.178018344357952        -5.5122618979474497E-17  1.088446991815063        0.9250064923155857
10.896410058642179        3.67861274931871         1.2585964209539515E-18   0.49260801576028446      0.9196582844648518
10.89993896758858         0.09740086480890442      -2.4719706031874547E-17  0.15838188782087317      0.9167175270095193
10.909720272145751        3.535532514824686        2.003242501054575E-18    0.6842249566317404       0.9085664398785419
10.917842403651779        0.805497046669329        -3.847768004396909E-17   1.072151122701795        0.9017979969568524
10.933130877268045        0.22523313102628723      -3.5567218751337076E-17  0.3542510669971855       0.8890576022766304
10.944894592247806        3.7674473136535602       -2.468927996599579E-18   0.36505416394117257      0.8792545064601619
10.964254958470681        3.3347131303302073       -3.668535579239196E-17   0.9243920248850587       0.8631208679411014
10.965864316894216        3.0257011862700316       -1.878143024433391E-17   1.2283071152017715       0.8617797359214884
10.966395439430267        0.667119968662661        -9.53975280479546E-18    0.9264295091925735       0.8613371338081109
10.970873702359382        2.8275744206437268       6.6731197365723474E-18   1.3813002409567512       0.8576052480338493
10.976030360219267        0.15870234315733983      -1.3986093443378564E-16  0.2540095578773875       0.8533080331506083
10.976929179607922        2.6400025457814897       1.1719060574452609E-17   1.495998642247173        0.8525590169933989
10.977068023821126        3.9027814173351034       -9.654339703395151E-17   0.15809286576842288      0.8524433134823993
10.97916624860195         1.7283173571585364       -5.225691069772849E-17   1.6359118923244507       0.8506947928317078
10.9792364587933          1.9099130050833297       -1.2891126835465102E-16  1.6632851388945367       0.8506362843389162
10.97926784486082         1.547427829498072        -4.913604366347029E-17   1.5813243460363238       0.8506101292826519
10.97936036795763         2.457034171317623        -9.280699047096134E-17   1.5796332359366738       0.8505330267019738
10.9795236020792          2.092105721136754        -6.373558732736619E-17   1.6631318900557843       0.8503969982673381
10.979743668101355        2.274627831507422        -1.1510409002310033E-16  1.6352414809006393       0.8502136099155376
10.9806895008999          1.1957717657675577       -9.81629265837814E-17    1.3971737280264043       0.8494254159167528
10.980761148269247        1.3713323497307932       -9.720028593635457E-17   1.501990410627082        0.8493657097756268
10.983623907066837        1.0305654630133365       -7.513543600560183E-17   1.2750819493739398       0.8469800774443018
10.98669665092309         0.34449719471809287      -3.8394566127935303E-17  0.5247126923765572       0.8444194575640919
10.989845171331272        0.894182476120255        -5.300381125711736E-17   1.15715316828353         0.8417956905572728
10.990654205607477        0                        0                        0                        0.8411214953270978
10.990654205607477        0.025113434309506678     2.632240248175838E-16    0.04159293860633663      0.8411214953270812
10.990654205607477        3.974979243685028        -5.909383870717162E-17   0.041440411255547975     0.8411214953271124
10.990654205607477        4                        0                        0                        0.8411214953271247
10.990679267839194        3.9449543361070614       -1.181706365270116E-16   0.090480262690975        0.8411006101340177
10.990688912352788        0.05524955548091469      9.525784382038164E-17    0.0908107118928414       0.8410925730393229
10.995203167152747        3.8506488212574523       -5.681064896898811E-17   0.2396245584910011       0.8373306940393802
11.012356147507244        3.173549750854278        2.1757038001573972E-18   1.0928254092791103       0.8230365437439634
11.01306921656951         3.6379751985293325       7.981496039911346E-18    0.5487655204178311       0.8224423195254086
11.018115880281808        0.09920678102921687      -2.71956363875718E-16    0.16124380779778705      0.8182367664318165
11.018769741423904        3.495687332877984        4.5082621031230105E-17   0.7345497509451433       0.8176918821467469
11.042629342297182        0.22749840134538235      -3.853376097279026E-17   0.357599201152844        0.7978088814190148
11.047956970760243        0.478728902055227        -6.386019640040175E-17   0.7023892693991277       0.7933691910331322
11.051159836725743        3.771394023189192        -7.591616902775827E-18   0.35923467275400406      0.7907001360618819
11.060907291318243        0.7915997980365176       -1.816249471968836E-17   1.0582370632894238       0.7825772572347991
11.084979789265931        3.406539357058987        2.4444049665435974E-17   0.8423529321017057       0.7625168422783913
11.085547732004624        3.9034390493246036       2.9453275838655154E-17   0.15704991062760396      0.762043556662814
11.088914876583358        0.1581751104935596       5.819350554358568E-17    0.2532004484977454       0.7592376028472042
11.102803738317757        0                        0                        0                        0.7476635514018927
11.102803738317757        0.02494634217098712      1.4070667105165466E-16   0.041317936956765174     0.7476635514018954
11.102803738317757        3.975028866420374        -8.717995135531168E-17   0.041358740335937644     0.7476635514018487
11.102803738317757        4                        0                        0                        0.747663551401857
11.1028150454668          3.945063506124823        7.72553835812793E-18     0.09030331547558738      0.7476541287776582
11.102851970244178        0.054881952776171666     2.8092556505019766E-16   0.09021490931840037      0.7476233581298701
11.10466026101244         3.852164157319237        8.410708515455375E-17    0.237286639309134        0.7461164491562994
11.106494375793979        0.3392649230199367       -2.0769134380701293E-17  0.5174829183700104       0.7445880201716849
11.110980190342636        0.9342463470379855       -1.1216203109713484E-17  1.1934038129992184       0.7408498413811361
11.118579753622353        3.6848012328176862       5.512128997153636E-17    0.48393533579000225      0.7345168719813726
11.120114964135807        0.6411064775773586       -5.680449970069192E-17   0.8972534977990785       0.7332375298868286
11.120914270905013        2.916545436644334        -4.676658008897058E-17   1.316643526069354        0.7325714409124915
11.120964288795605        3.259829671253425        1.5695059470978084E-19   1.005345499762287        0.7325297593369969
11.122845849317786        1.2750542454895653       8.333208643380544E-18    1.4476890220905414       0.7309617922351799
11.123154454236145        1.0981579075231047       -4.031319414166222E-17   1.327783683432041        0.730704621469879
11.123466474313288        2.7299884363095335       -1.1150720669511597E-16  1.444632034522652        0.7304446047389258
11.123985615717027        1.4557447926104448       -6.992224580896711E-17   1.543244278845565        0.7300119869024785
11.1240371398598          1.636613767936329        1.8658982346720856E-17   1.611646019311072        0.7299690501168333
11.124323239507403        1.818411126174266        -1.2904666242346231E-17  1.6529272837094606       0.7297306337438313
11.1246025769317          2.0003736493417477       -8.027143367274729E-17   1.666666608494239        0.7294978525569186
11.124659679223365        2.5470168837887925       -4.603354103940126E-17   1.5419885536875009       0.7294502673138634
11.124902493805573        2.1824719944184032       2.9524198814411207E-17   1.6527933213554056       0.7292479218286885
11.124999923832897        2.3647714604624226       2.6321451806790263E-17   1.6112257423467147       0.7291667301392549
11.125756243813429        3.093066956909192        -3.243309983026228E-18   1.1688352615472002       0.7285364634888092
11.142932820426939        0.09935922231752914      2.6786103260217823E-16   0.16148526425440532      0.7142226496442267
11.14652290602697         3.551786257152619        9.13651085007529E-18     0.6633164217134445       0.7112309116441919
11.150835594387374        0.2329307387419904       8.368460124811188E-17    0.36561092746544716      0.7076370046771897
11.163188021939662        3.7779265592340283       8.367250843771599E-17    0.34957381248760416      0.6973433150502819
11.17025482766279         3.3936878184444756       -3.250125108629995E-17   0.8573476102997833       0.6914543102810113
11.197474690483467        3.9041931885697045       1.9737120834657564E-16   0.1558534585853091       0.6687710912637703
11.20428298916676         0.152934773565352        1.119073338733808E-16    0.24514585387330137      0.6630975090277015
11.205357433613832        0.3123294273948495       3.190399236866383E-18    0.4799033493177519       0.6622021386551399
11.205490262782153        0.4396048738640784       -1.0413453347527167E-17  0.6521529376380261       0.6620914476815397
11.211937899833684        3.853695209457009        1.4276547907001972E-16   0.23492252934838964      0.6567184168052601
11.214953271028037        0                        0                        0                        0.6542056074766311
11.214953271028037        0.024743745674044873     -3.126163290811748E-17   0.04098447072758243      0.6542056074766364
11.214953271028037        3.9749678055586446       -8.971587378601049E-17   0.04145923625286373      0.6542056074766378
11.214953271028037        4                        0                        0                        0.6542056074766471
11.214978470022817        3.9449291722290183       7.781463854271858E-17    0.09052104792189432      0.6541846083143087
11.215016730843676        0.05443624048289872      3.553273325582514E-17    0.08949235735570125      0.6541527242969412
11.218958786849878        3.6849241259832604       -3.824864595894148E-18   0.4837627873664779       0.6508676776251018
11.242637412112128        0.7995558158309126       2.8275210547023774E-17   1.0662224002894236       0.6311354899065608
11.244223725815583        3.302684304245696        -5.085396572726154E-17   0.9595890014466288       0.629813561820349
11.256965520221783        0.09874416585873702      -1.3668884272679525E-17  0.16051093880992115      0.6191953998151841
11.259247127842066        0.22765001625563488      -2.6213235086794688E-17  0.3578231396338957       0.6172940601316128
11.260141942144152        3.781250037810475        1.7409220634282838E-17   0.3446451261667421       0.6165483815465408
11.265628097837048        3.1792623911537037       -5.0338811417024256E-17  1.0872250886710215       0.6119765851357936
11.265712669601044        0.9914176613086609       -2.6615497125867923E-17  1.2428173608666298       0.6119061086657974
11.26737732341541         1.175609247028105        -9.125648669363227E-17   1.383491619339348        0.6105188971538267
11.26754087755777         0.6119671669382606       -4.130783503695977E-17   0.8639020226427514       0.6103826020351926
11.268805626960726        3.003519425293001        2.2800181022032976E-17   1.2470619846081699       0.6093286441993958
11.269042102364713        1.3614510622564282       -1.7409680600323375E-17  1.4967730225443996       0.609131581362739
11.269626521717797        1.5449631318298038       -8.479723560537495E-17   1.580392270252443        0.6086445652351696
11.269678833282542        2.8205259992645026       -5.86877025991674E-17    1.3861404518879132       0.6086009722645486
11.269826601160615        1.7270920175579476       -7.888904201291109E-17   1.6356338471330882       0.6084778323661554
11.270023582212888        1.909093821461389        3.60388443780169E-17     1.6632233611264626       0.608313681489259
11.270251922980826        2.637786114934393        2.0226241094747043E-17   1.4971786964987068       0.6081233975159792
11.270267653014976        2.0910056477173917       -2.1560466896681905E-17  1.6632158217014759       0.6081102891541884
11.270531950380546        2.2729524998407737       -7.511736141987445E-17   1.6356237220127816       0.607890041349545
11.270590506508809        2.455193370416604        -4.0523248660273547E-17  1.580332914803657        0.6078412445759933
11.277971496203591        3.4491971809379307       -3.0030484301666335E-17  0.7915948044839817       0.6016904198303418
11.290757943536498        3.5994254891861264       -2.2474920421170794E-17  0.6007658768923839       0.591035047052919
11.307274848089559        3.9054920507017634       -1.700565981584661E-16   0.15379168529682852      0.5772709599253738
11.308600593090768        0.3279657495736707       -4.034941717003021E-17   0.5017922772505267       0.5761661724243609
11.310871424864201        3.7102571736490275       -5.657179444833628E-17   0.44792516665918364      0.5742738126131672
11.311942658551063        0.152685547076182        -1.592483917682992E-16   0.24476221334115653      0.5733811178741117
11.318082387314444        3.8562774988868003       -1.3482017427051634E-16  0.23093076963606893      0.5682646772379664
11.327102803738317        0                        0                        0                        0.560747663551387
11.327102803738317        0.024490210149230755     2.9418009871748535E-17   0.04056711258490381      0.5607476635513748
11.327102803738319        3.975069854016735        -1.6837996495339675E-16  0.04129127989762973      0.5607476635514056
11.327102803738319        4                        0                        0                        0.5607476635514129
11.32718342535743         3.945153678836817        -2.55892753689838E-16    0.09015715237816543      0.5606804788688216
11.327192168538662        0.05387846232830766      -1.5482592766956645E-16  0.08858790025431977      0.5606731928844264
11.340577698953608        0.0966875109791197       -2.952397850334066E-16   0.1572506538071424       0.5495185842053146
11.350415500810513        3.803864448873935        -1.2042571391623022E-16  0.31086377087030653      0.54132041599124
11.354918097753393        0.46388594271405315      -6.998733134134424E-17   0.6834806679202118       0.5375682518721727
11.373354468263797        0.21752269832576215      -8.577369165660161E-17   0.34282277875672035      0.5222046097801685
11.375745853589285        3.6551172949726647       -5.822220349428357E-17   0.5252444749509876       0.5202117886755963
11.391362680758053        3.7317225499149806       -9.678212361394261E-17   0.4171404208816492       0.5071977660349589
11.393398577877836        3.3071607795907783       -7.042034045030583E-17   0.9547211234581796       0.5055011851018039
11.412155857872404        0.8961243256950958       -4.3437806284942166E-17  1.15894103986579         0.48987011843966427
11.414499509129673        1.0839681004973576       -7.517564356334299E-17   1.3170356496223266       0.4879170757252708
11.415328879482317        1.2696175368256226       -3.4512236708586134E-17  1.4443922739530553       0.48722593376473694
11.415540973779343        1.4532049958862954       4.682286723808089E-17    1.542089676448457        0.4870491885172142
11.415675919035586        1.6358887432654299       -7.984522143145996E-17   1.611426246966323        0.4869367341370104
11.415723151707374        3.101044064840051        -3.7911465437443436E-17  1.1615424863668748       0.4868973735771876
11.415775139837256        1.818033506808945        1.9072998971003657E-17   1.6528700813982307       0.4868540501356224
11.415893059412177        1.9999747724016945       -1.5208971045082846E-17  1.6666666664014882       0.4867557838231838
11.416095166113557        2.9127761304552675       -3.0954109549334115E-17  1.3195165565296298       0.48658736157203725
11.41609640657794         2.1818099459449343       -5.5289367561519365E-18  1.6528938098147934       0.48658632785171735
11.416379241393237        2.3636588396914853       3.380670346230844E-17    1.6115634367976028       0.48635063217230273
11.416396897944589        2.7287193765787214       -7.634508035858806E-17   1.445403362582801        0.4863359183795118
11.416600111030283        2.5456158968386617       -9.75975472325167E-17    1.5426263721320608       0.48616657414143144
11.418406216780316        3.9073702253729343       -1.4561368831434128E-16  0.1508078430670008       0.48466148601640463
11.418776224721187        0.6643191873798491       -4.8516658001703156E-17  0.9233153194993233       0.48435314606567875
11.422670996301862        3.54043843700789         -4.2876702640506557E-17  0.677937259078621        0.48110750308178307
11.428846098575455        0.13871876114405635      4.111824748059649E-17    0.22318006245120167      0.47596158452045695
11.431268016848252        3.8609699040934857       -1.4372827236098107E-16  0.22366292335761787      0.4739433192931259
11.439252336448599        0                        0                        0                        0.46728971962618976
11.439252336448599        0.02409458040786566      1.8456115723455836E-17   0.03991573867767994      0.46728971962619054
11.439252336448599        3.9755199651145956       4.1101619641946207E-17   0.04055036143067775      0.46728971962617744
11.439252336448599        4                        0                        0                        0.4672897196261688
11.439380917910466        0.05300807689730445      1.8083016592880896E-16   0.08717602140536147      0.467182568407963
11.439405540834858        3.9461439232521105       -1.156575094213006E-16   0.08855159582870158      0.4671620493042923
11.448820854515617        0.32968086854095374      -3.633864482009431E-17   0.504180832950791        0.45931595457031993
11.449377004615235        0.09088818089386971      1.9456934584651029E-16   0.14803835922886766      0.45885249615397905
11.458078373347076        3.7882055326178032       -1.0573719583732822E-16  0.3343004054646163       0.4516013555441056
11.463066222485816        3.6937428251052986       -7.655981466462412E-17   0.47134801766846784      0.4474448145951535
11.47849765819524         0.21013945368990417      -1.0985466966548057E-19  0.3318330103177192       0.43458528483730113
11.480281436913263        0.46856280347726653      -4.199380464763962E-17   0.68945838046108         0.4330988025722805
11.533908962701934        3.904915506978955        5.984207752152605E-17    0.1547070463629626       0.38840919774838817
11.534934083147947        0.13165325995942093      2.3145322663496792E-17   0.21220019124155898      0.3875549307100447
11.542300798731695        3.751447666795265        -6.526043862480233E-17   0.38851294603225967      0.3814160010569215
11.550397507576207        0.2627882986808          1.158375600946025E-17    0.4092064603331883       0.3746687436864952
11.551401869158878        0                        0                        0                        0.3738317757009289
11.551401869158878        0.023456102194011477     -3.451244910948116E-17   0.03886425835246276      0.37383177570093107
11.551401869158878        3.9763346950615723       6.076855778909527E-17    0.03920882212328402      0.37383177570092413
11.551401869158878        4                        0                        0                        0.3738317757009215
11.551564859162667        0.05160342482682524      -9.652470705649347E-17   0.08489616077226833      0.37369595069777073
11.551606512748515        3.947936329135459        1.0265418863297008E-16   0.08564335734761329      0.37366123937622786
11.558120173797427        3.8422616819228286       -4.889639443869419E-18   0.25252995638286296      0.36823318850214454
11.560457476778465        0.0864930500838649       -6.283152924636039E-17   0.1410379802594376       0.36628543601794655
11.561196127390456        3.20512309426746         -1.043873870671801E-16   1.061532636526344        0.36566989384128684
11.561750449964288        1.727097113253398        -1.5886745499627536E-17  1.6356350060022395       0.365207958363095
11.561767159928136        1.5449085637047288       -3.8466213139408104E-17  1.5803715769211293       0.36519403339321993
11.56180055509237         1.9090341018037256       2.31675121447561E-17     1.6632188355688953       0.36516620408969075
11.56189560186438         2.0908450043653333       -4.991783598634753E-17   1.6632279938257775       0.36508699844634945
11.56192835347585         1.362406173870092        -7.233333054716052E-17   1.497280880367095        0.3650597054367925
11.562098980663526        2.272615385035317        2.2815143533123916E-17   1.635700354934187        0.364917516113729
11.562291376524248        1.1790574206761295       -1.4979387608642554E-17  1.3858555339387808       0.3647571862297944
11.562417508558303        2.4544742506523085       -1.992884171943203E-17   1.5806054814558443       0.3646520762014119
11.562642098759312        2.6367069073820724       -1.3678653880339978E-17  1.497751797538317        0.36446491770057426
11.562859104699129        2.8195849710939265       7.258774666169175E-18    1.3867835313154044       0.36428407941739477
11.562988346504909        3.003606219251862        3.728294130090415E-18    1.2469893986162444       0.36417637791257557
11.563535383866004        0.9949168694287552       8.341000321822817E-19    1.2457532919337952       0.3637205134449961
11.565796672957456        3.436905980959303        -7.852994409293952E-17   0.8063755007847436       0.3618361058687887
11.570373421765783        0.7948381970980938       -7.588486364293418E-17   1.0614937620109288       0.3580221485285138
11.574373712536378        0.1942159932608768       1.565191928514961E-17    0.3079767170854996       0.3546885728863518
11.585070047817565        0.5608810240265548       -1.533412708240682E-17   0.8037235720804768       0.34577496015203096
11.586750430526452        3.6428087632783814       -5.109501485393016E-17   0.542158069706565        0.34437464122795663
11.595696219816642        0.3569011333252198       1.4743955965669227E-18   0.5417608809716893       0.33691981681946487
11.647754917900558        3.7714373689964593       -3.1820580598851516E-17  0.35917068655120943      0.2935375684162029
11.652151985897662        0.23138431909864468      1.8546386085212002E-18   0.3633327388624317       0.28987334508528245
11.654852387753323        0.14001491759120177      -5.479485791553367E-17   0.22518978884030694      0.2876230102055642
11.654966430070713        3.9113617811242425       -5.676463230564849E-17   0.14445672569065135      0.2875279749410748
11.663551401869158        0                        0                        0                        0.28037383177570063
11.663551401869158        0.022618533357644747     1.86948925946796E-17     0.03748438974138667      0.28037383177569264
11.663551401869158        3.977387216204245        -3.166693962098962E-17   0.037474915496677724     0.28037383177571173
11.663551401869158        4                        0                        0                        0.28037383177570613
11.663709256548303        0.049760773386818447     -3.8891942291218277E-17  0.08190289957467467      0.28024228620974406
11.663749056102443        3.950251875649339        -7.364619025613221E-17   0.08188234230259778      0.28020911991463704
11.677886716452589        0.08661941336767895      -8.022979173740538E-17   0.14123947112439802      0.26842773628950517
11.686798811360905        3.8639682588588418       -4.250727829592348E-17   0.21900930415280753      0.2610009905325805
11.70782185914075         1.818248077689091        -2.604981745435277E-18   1.6529025994734552       0.2434817840493755
11.707860682001824        1.9999700778603957       -6.012709841685745E-17   1.6666666662936118       0.24344943166514701
11.70786078526828         1.636397582683487        -1.0228807158173617E-16  1.6115805342173302       0.2434493456097658
11.70796294339682         2.181633308835385        -7.299255391857579E-17   1.6529205588006306       0.24336421383598197
11.70803031336382         1.4543614956485096       7.570644136350295E-17    1.542616092737113        0.24330807219681586
11.708197433357952        2.36329071902661         -6.615893543227621E-18   1.6116749389454716       0.24316880553503903
11.708482220746532        1.2721660147823246       -4.494748343386076E-17   1.4459407041508998       0.24293148271122325
11.708551801451486        2.545044479843124        -3.403756460599726E-17   1.5428860479135589       0.2428734987904284
11.708846827624962        2.7271102420330346       -8.776982264196341E-19   1.446379456637777        0.24262764364586653
11.709363841460826        2.9093648722468117       2.261964789576787E-17    1.3221064704681427       0.24219679878264502
11.709561624491515        1.0897079620043966       -1.0482195552012928E-16  1.3214035023174224       0.24203197959040426
11.710191496157087        3.0913328610527606       -6.2122031185808826E-18  1.1704135776609996       0.24150708653576067
11.712770331057108        0.9086776184067532       -5.626490833669957E-17   1.1704231080973528       0.23935805745241065
11.713641556685577        3.300032514850719        -5.2198637041826106E-17  0.9624647751378824       0.23863203609535266
11.719520415909301        0.6994871569613531       -5.296237431331692E-18   0.9619443104548075       0.2337329867422496
11.723951865153639        3.5314354984857874       -3.2354784948010806E-17  0.6894605474906621       0.23004011237196784
11.730985205329057        0.4650352041873841       -1.958835977528093E-17   0.68495128150664         0.22417899555911927
11.743564317055588        3.699532185911393        -3.7236744219404905E-17  0.46316264543801805      0.21369640245367702
11.748826254961571        0.30492665068949315      3.112516710434877E-17    0.469469308523859        0.20931145419869054
11.767066147221772        3.923169051534668        3.816813143159152E-18    0.12559199967468518      0.19411154398185618
11.767102940259575        0.1820941507173554       4.748353367704704E-17    0.28967430130997807      0.19408088311702232
11.769798439720986        3.8098050736964724       -5.551832369931774E-17   0.30191899800937777      0.19183463356584549
11.772554912850287        0.11894729443309468      9.353346835215618E-17    0.1923502995330941       0.18953757262476384
11.77570093457944         0                        0                        0                        0.18691588785047486
11.77570093457944         0.021940584074741566     2.3464262650977808E-17   0.03636706127892724      0.18691588785047905
11.77570093457944         3.9782360548601736       -2.083909131318052E-17   0.036075879688023546     0.1869158878504616
11.77570093457944         4                        0                        0                        0.18691588785046473
11.775809659687056        0.04826928496443145      1.2884865737829112E-16   0.0794780066611452       0.18682528359413156
11.775836074805085        3.952119320692382        1.310658812509916E-17    0.07884589907479664      0.18680327099575683
11.776289205991391        3.8817625946279555       -1.9344249044150152E-17  0.19123730727461036      0.18642566167384042
11.787066615211236        0.08204137405241879      1.3548438161452613E-16   0.13393112881386107      0.17744448732397625
11.853900299081907        1.9092190776754385       -4.690513856492283E-17   1.6632328433924606       0.12174975076507723
11.853913431649096        1.7276179481374072       -9.937125237455382E-17   1.6357533407596365       0.12173880695908879
11.853937009441836        2.090768445636297        -5.2609043900120106E-17  1.6632337871986562       0.12171915879846919
11.85399356457171         1.5459389899328555       -4.363557037786212E-17   1.5807619163070037       0.12167202952357813
11.854025447145174        2.2723017523958653       -5.1722403961611714E-17  1.6357715648508933       0.12164546071235517
11.854193233360428        2.4538277732250706       -3.7453585243015454E-17  1.580850146770657        0.12150563886630861
11.854201227462957        1.3641978103511236       4.439974643546683E-18    1.4982314898490403       0.12149897711420508
11.85450314005665         2.6353479183291566       -4.5274513427576957E-17  1.498472092781171        0.1212473832861254
11.85465444045109         1.1824271492640734       -4.9046781061257507E-17  1.3881560973914724       0.12112129962409159
11.854946270129265        2.8167135303298556       4.149408409183292E-17    1.388741253906728        0.12087810822561186
11.85535715666661         2.998348110380221        1.1178320682888098E-16   1.2513754377084358       0.12053570277782523
11.855634532255896        1.0009847916561332       1.5933913619640987E-17   1.2508202556240262       0.12030455645341942
11.85624519353254         0.7941908112785167       -3.915853194358963E-17   1.0608434168311833       0.11979567205621601
11.857296779055066        3.20380817585788         3.627724152566422E-17    1.0628524482240527       0.1189193507874466
11.86130992361709         3.9149524173296553       -9.097777998390992E-17   0.13873218306804566      0.11557506365242685
11.864590872795441        3.4403347039544303       -1.69082475211718E-17    0.8022649752435439       0.11284093933713524
11.865205560100476        0.5539862908226556       1.838328961131996E-18    0.7954351470296585       0.11232869991626991
11.868238009744637        3.6333663357683395       -6.608932996160056E-17   0.5550476721577956       0.1098016585461374
11.87053659639263         0.3588426869846316       -7.463437070378782E-18   0.5444177808067406       0.10788616967280863
11.873003554681203        0.13540918860017118      1.6024253065739322E-17   0.21804212751805355      0.10583037109899784
11.876484582073859        0.2353024098237232       1.589100685635746E-17    0.36910100634418436      0.102929514938453
11.876893086431213        3.777337271996691        -8.623253267116968E-17   0.35044675898806693      0.10258909464065712
11.88749029958627         3.864792761787491        -1.0058758210007844E-16  0.21772831482707594      0.09375808367811057
11.88785046728972         0                        0                        0                        0.09345794392522867
11.88785046728972         0.02160160943328998      2.4597797875755E-17      0.035808253417938016     0.09345794392522584
11.88785046728972         3.9786604741881377       -3.9710220404097905E-17  0.03537613661898867      0.09345794392523692
11.88785046728972         4                        0                        0                        0.09345794392524685
11.887895950320358        0.04752354075323796      -5.180908957286422E-18   0.07826486503634468      0.09342004139969486
11.887906713903266        3.9530530432139033       -6.110224097110226E-17   0.07732658766371286      0.09341107174728645
11.9079143432311          0.07713010744487094      -2.1883189636067926E-17  0.12607140679376114      0.07673804730741315
11.927341387421325        3.9184610631372636       -8.049347855673088E-17   0.1331279788442666       0.060548843815565336
12                        0                        0                        0                        2.6185816036055315E-15
12                        0.021601609433290037     -2.4437079120570455E-21  0.03580825341793816      9.225927027293608E-15
12                        0.04752354075323817      1.262828549714444E-18    0.07826486503634505      4.857464018361303E-15
12                        0.09419867159264328      1.237345550998682E-19    0.1533005402669812       -2.629364665049936E-16
12                        0.16479254727766657      7.389186879834985E-19    0.2633390022801687       -4.385084243187197E-15
12                        0.2713147569969485       2.4405559109611493E-19   0.4215197210931174       -3.1290102912035875E-15
12                        0.43077508021838984      8.645085579355118E-20    0.6406388129735003       4.1164468413098103E-16
12                        0.6511898969905032       9.910971462058115E-19    0.9086297108414638       2.719176520890034E-16
12                        0.8866718794742918       1.246142273087597E-18    1.150208540019457        3.6771660198068084E-16
12                        1.092869089127647        -6.965198185443224E-19   1.3237972960582909       -2.079186911867137E-15
12                        1.2742952713021185       5.909723129779071E-19    1.4472302694773076       3.8632444234518976E-15
12                        1.4557214534765888       4.131294675527704E-18    1.5432336932476527       -1.2444921798913626E-14
12                        1.63714763565106         -3.9988042121047827E-19  1.611807567369328        -1.1720039287267183E-14
12                        1.8185738178255306       -7.528290079348963E-20   1.6529518918423334       6.885596604601831E-16
12                        2.0000000000000013       -2.932575710876292E-19   1.6666666666666685       2.10156499239098E-15
12                        2.181426182174472        -1.8275179551467165E-18  1.6529518918423325       -1.5836502188891501E-15
12                        2.3628523643489423       1.3142901850739716E-18   1.6118075673693275       1.5448927051180917E-15
12                        2.544278546523413        -1.258000119615976E-19   1.5432336932476514       -2.0960399250676504E-15
12                        2.7257047286978837       -9.344525864439808E-19   1.4472302694773058       8.640649385257507E-16
12                        2.9071309108723544       -4.2940942818531698E-19  1.3237972960582898       -3.6268617119705805E-16
12                        3.112720076420867        -1.022215634564622E-18   1.1507725131374762       1.6323850450486307E-15
12                        3.346771817873275        -1.6551063027183407E-19  0.9109190294092985       -5.9338800716411116E-15
12                        3.566885519430563        -1.3967666527080487E-18  0.6436957370828399       -7.35798835094631E-15
12                        3.7278833680350747       1.1810351282712924E-19   0.42267461102823645      -1.3267875422484649E-15
12                        3.8263420565499264       -7.727651136053759E-19   0.27686445519874403      -4.273455241215513E-15
12                        3.9064540501413654       -7.106713049149703E-20   0.1522637311248267       2.2505115133259347E-15
12                        3.9530530432139033       4.104759163287095E-19    0.07732658766371267      -6.1071917313135365E-15
12                        3.9786604741881377       -1.437077051937502E-18   0.035376136618988724     1.5974351141160692E-15
12                        4                        0                        0                        -7.243959677032955E-15
